ID,수요량
TEST_0000,184.90834
TEST_0001,96.95213
TEST_0002,295.79395
TEST_0003,227.05461
TEST_0004,264.30606
TEST_0005,199.69731
TEST_0006,184.21213
TEST_0007,821.0321
TEST_0008,215.27623
TEST_0009,440.50186
TEST_0010,50.72503
TEST_0011,104.592415
TEST_0012,132.08452
TEST_0013,191.9158
TEST_0014,70.87045
TEST_0015,52.26574
TEST_0016,71.96435
TEST_0017,276.34753
TEST_0018,259.457
TEST_0019,-22.676258
TEST_0020,125.708496
TEST_0021,79.75709
TEST_0022,66.78583
TEST_0023,1.6221405
TEST_0024,441.62137
TEST_0025,48.39897
TEST_0026,185.48534
TEST_0027,668.8883
TEST_0028,679.72
TEST_0029,392.8904
TEST_0030,380.59036
TEST_0031,381.86572
TEST_0032,57.538
TEST_0033,142.16704
TEST_0034,454.44888
TEST_0035,1894.9963
TEST_0036,728.9877
TEST_0037,804.6027
TEST_0038,127.19771
TEST_0039,382.29327
TEST_0040,104.83432
TEST_0041,52.791172
TEST_0042,449.1258
TEST_0043,46.71075
TEST_0044,979.9361
TEST_0045,240.0857
TEST_0046,791.9379
TEST_0047,85.70471
TEST_0048,250.45747
TEST_0049,38.54596
TEST_0050,65.54895
TEST_0051,727.3754
TEST_0052,-76.16825
TEST_0053,265.7816
TEST_0054,185.98409
TEST_0055,786.79156
TEST_0056,57.77083
TEST_0057,86.73086
TEST_0058,339.60812
TEST_0059,1903.6576
TEST_0060,356.87595
TEST_0061,592.2298
TEST_0062,76.21283
TEST_0063,342.4296
TEST_0064,306.58224
TEST_0065,802.1293
TEST_0066,207.5473
TEST_0067,135.05893
TEST_0068,511.66394
TEST_0069,345.41803
TEST_0070,411.5171
TEST_0071,62.370373
TEST_0072,42.97942
TEST_0073,183.31215
TEST_0074,-40.253845
TEST_0075,293.73727
TEST_0076,229.96883
TEST_0077,303.11765
TEST_0078,171.29912
TEST_0079,418.84125
TEST_0080,322.43948
TEST_0081,966.993
TEST_0082,132.63188
TEST_0083,500.94608
TEST_0084,115.0854
TEST_0085,-128.95619
TEST_0086,245.53172
TEST_0087,16.696768
TEST_0088,20.309649
TEST_0089,69.38345
TEST_0090,9.976437
TEST_0091,515.33875
TEST_0092,517.68024
TEST_0093,195.69527
TEST_0094,255.68826
TEST_0095,382.78748
TEST_0096,456.41476
TEST_0097,34.808094
TEST_0098,284.59296
TEST_0099,498.505
TEST_0100,62.88884
TEST_0101,149.56882
TEST_0102,97.92149
TEST_0103,455.31116
TEST_0104,108.36814
TEST_0105,82.85624
TEST_0106,147.31413
TEST_0107,626.97
TEST_0108,256.34818
TEST_0109,70.254555
TEST_0110,181.38835
TEST_0111,92.45838
TEST_0112,174.79623
TEST_0113,414.62387
TEST_0114,74.09039
TEST_0115,598.44934
TEST_0116,817.6399
TEST_0117,40.02362
TEST_0118,262.16324
TEST_0119,302.22443
TEST_0120,291.47873
TEST_0121,97.34668
TEST_0122,404.5439
TEST_0123,96.41746
TEST_0124,589.05585
TEST_0125,55.37857
TEST_0126,98.30404
TEST_0127,138.62834
TEST_0128,159.90845
TEST_0129,462.40634
TEST_0130,229.70335
TEST_0131,25.279814
TEST_0132,265.20526
TEST_0133,305.35013
TEST_0134,99.36084
TEST_0135,783.8298
TEST_0136,-7.096239
TEST_0137,-165.55872
TEST_0138,74.111534
TEST_0139,353.34042
TEST_0140,686.1222
TEST_0141,320.4758
TEST_0142,898.23047
TEST_0143,50.676693
TEST_0144,382.7983
TEST_0145,361.26843
TEST_0146,17.04138
TEST_0147,401.8824
TEST_0148,567.85706
TEST_0149,141.72742
TEST_0150,60.481018
TEST_0151,636.2919
TEST_0152,23.078138
TEST_0153,12.577345
TEST_0154,98.47337
TEST_0155,256.24768
TEST_0156,-11.537247
TEST_0157,89.777534
TEST_0158,407.7438
TEST_0159,78.97083
TEST_0160,265.88782
TEST_0161,108.78435
TEST_0162,300.45938
TEST_0163,128.72906
TEST_0164,161.7449
TEST_0165,73.9884
TEST_0166,181.21465
TEST_0167,22.201101
TEST_0168,93.95999
TEST_0169,269.7864
TEST_0170,-232.34827
TEST_0171,1408.6736
TEST_0172,112.015915
TEST_0173,458.87918
TEST_0174,397.93503
TEST_0175,434.1736
TEST_0176,252.70941
TEST_0177,15.353278
TEST_0178,92.87908
TEST_0179,398.5367
TEST_0180,203.58405
TEST_0181,222.69415
TEST_0182,586.3468
TEST_0183,20.922794
TEST_0184,335.8576
TEST_0185,212.79716
TEST_0186,680.3924
TEST_0187,-10.054664
TEST_0188,360.64273
TEST_0189,146.02667
TEST_0190,255.73196
TEST_0191,10.689253
TEST_0192,928.2329
TEST_0193,53.726868
TEST_0194,2142.9539
TEST_0195,108.28466
TEST_0196,-111.72941
TEST_0197,43.451332
TEST_0198,280.78134
TEST_0199,327.52036
TEST_0200,352.8077
TEST_0201,34.855625
TEST_0202,33.974705
TEST_0203,232.88997
TEST_0204,90.852356
TEST_0205,174.65952
TEST_0206,281.44153
TEST_0207,135.32689
TEST_0208,379.3137
TEST_0209,72.50479
TEST_0210,26.937395
TEST_0211,82.81689
TEST_0212,343.56772
TEST_0213,417.1543
TEST_0214,476.5379
TEST_0215,12.081024
TEST_0216,176.57446
TEST_0217,68.863686
TEST_0218,-135.26144
TEST_0219,418.5275
TEST_0220,649.761
TEST_0221,655.1555
TEST_0222,170.90617
TEST_0223,25.101812
TEST_0224,247.01997
TEST_0225,193.63034
TEST_0226,91.44203
TEST_0227,257.70435
TEST_0228,-149.75844
TEST_0229,496.00943
TEST_0230,29.923336
TEST_0231,696.81055
TEST_0232,112.40601
TEST_0233,333.24017
TEST_0234,250.5781
TEST_0235,370.2495
TEST_0236,45.894596
TEST_0237,86.39116
TEST_0238,183.0734
TEST_0239,77.86905
TEST_0240,-46.508636
TEST_0241,138.05092
TEST_0242,1274.1831
TEST_0243,164.59747
TEST_0244,466.03397
TEST_0245,127.18333
TEST_0246,93.81583
TEST_0247,122.30457
TEST_0248,116.379814
TEST_0249,119.33394
TEST_0250,-155.1833
TEST_0251,274.6234
TEST_0252,228.00139
TEST_0253,85.82386
TEST_0254,542.54474
TEST_0255,800.66754
TEST_0256,48.763306
TEST_0257,1088.8987
TEST_0258,52.37996
TEST_0259,345.92563
TEST_0260,46.056767
TEST_0261,465.37738
TEST_0262,773.8825
TEST_0263,196.09436
TEST_0264,148.91835
TEST_0265,113.174484
TEST_0266,767.8298
TEST_0267,364.59415
TEST_0268,17.517906
TEST_0269,539.0117
TEST_0270,485.19827
TEST_0271,37.62258
TEST_0272,46.27881
TEST_0273,115.204414
TEST_0274,155.4987
TEST_0275,110.54887
TEST_0276,186.08446
TEST_0277,263.20923
TEST_0278,116.10519
TEST_0279,591.0577
TEST_0280,113.84759
TEST_0281,64.36609
TEST_0282,153.8208
TEST_0283,-30.701183
TEST_0284,132.15314
TEST_0285,18.370577
TEST_0286,335.54413
TEST_0287,29.45876
TEST_0288,117.818665
TEST_0289,105.69311
TEST_0290,490.5234
TEST_0291,-15.175974
TEST_0292,238.47066
TEST_0293,222.11584
TEST_0294,21.44138
TEST_0295,272.905
TEST_0296,-50.856697
TEST_0297,118.95196
TEST_0298,661.04846
TEST_0299,214.20815
TEST_0300,62.035778
TEST_0301,151.63612
TEST_0302,554.7921
TEST_0303,240.50095
TEST_0304,299.30835
TEST_0305,260.00507
TEST_0306,109.05898
TEST_0307,18.44112
TEST_0308,392.4156
TEST_0309,441.05276
TEST_0310,2.14275
TEST_0311,45.30474
TEST_0312,11.132215
TEST_0313,229.81831
TEST_0314,91.201515
TEST_0315,8.656533
TEST_0316,141.19725
TEST_0317,74.441666
TEST_0318,401.11777
TEST_0319,252.5229
TEST_0320,32.55357
TEST_0321,47.838703
TEST_0322,237.53987
TEST_0323,403.81537
TEST_0324,86.26834
TEST_0325,264.71042
TEST_0326,1266.8375
TEST_0327,424.03607
TEST_0328,330.15842
TEST_0329,-25.613792
TEST_0330,-32.781834
TEST_0331,243.6539
TEST_0332,313.5327
TEST_0333,150.67316
TEST_0334,155.51527
TEST_0335,242.1324
TEST_0336,638.2589
TEST_0337,23.563387
TEST_0338,263.12415
TEST_0339,137.4623
TEST_0340,50.31944
TEST_0341,387.9963
TEST_0342,424.72333
TEST_0343,81.78218
TEST_0344,55.145264
TEST_0345,68.23241
TEST_0346,237.46384
TEST_0347,110.647316
TEST_0348,355.2301
TEST_0349,152.75713
TEST_0350,452.29578
TEST_0351,447.3565
TEST_0352,34.537884
TEST_0353,601.90607
TEST_0354,67.47027
TEST_0355,365.54596
TEST_0356,-20.870132
TEST_0357,39.244793
TEST_0358,296.0285
TEST_0359,311.7767
TEST_0360,12.357106
TEST_0361,422.35318
TEST_0362,78.00955
TEST_0363,105.176956
TEST_0364,304.52252
TEST_0365,54.84559
TEST_0366,52.18903
TEST_0367,438.2834
TEST_0368,296.4223
TEST_0369,61.788834
TEST_0370,104.13067
TEST_0371,147.65875
TEST_0372,194.35661
TEST_0373,201.785
TEST_0374,259.23972
TEST_0375,476.62018
TEST_0376,12.443744
TEST_0377,93.056076
TEST_0378,71.71588
TEST_0379,199.712
TEST_0380,-72.09089
TEST_0381,85.829285
TEST_0382,330.80264
TEST_0383,7.7690825
TEST_0384,163.54694
TEST_0385,71.727844
TEST_0386,260.57437
TEST_0387,153.27914
TEST_0388,560.3331
TEST_0389,-5.7641087
TEST_0390,84.441345
TEST_0391,42.834354
TEST_0392,12.9006405
TEST_0393,357.48053
TEST_0394,155.3437
TEST_0395,134.53175
TEST_0396,46.156075
TEST_0397,422.34464
TEST_0398,243.38557
TEST_0399,267.24197
TEST_0400,33.897003
TEST_0401,227.09033
TEST_0402,-166.20406
TEST_0403,67.93011
TEST_0404,270.57098
TEST_0405,43.13562
TEST_0406,63.054203
TEST_0407,27.43996
TEST_0408,127.90229
TEST_0409,57.980186
TEST_0410,59.349586
TEST_0411,101.98191
TEST_0412,270.2038
TEST_0413,602.6654
TEST_0414,-33.07114
TEST_0415,541.4009
TEST_0416,270.61905
TEST_0417,212.10748
TEST_0418,68.06481
TEST_0419,43.914288
TEST_0420,75.53052
TEST_0421,100.44786
TEST_0422,757.0211
TEST_0423,140.03804
TEST_0424,930.2885
TEST_0425,250.78717
TEST_0426,-10.552352
TEST_0427,881.8319
TEST_0428,358.98236
TEST_0429,189.74284
TEST_0430,-113.909706
TEST_0431,184.86469
TEST_0432,256.14883
TEST_0433,202.67194
TEST_0434,709.9893
TEST_0435,1095.7333
TEST_0436,150.57127
TEST_0437,301.839
TEST_0438,316.9546
TEST_0439,423.21567
TEST_0440,418.91153
TEST_0441,153.77206
TEST_0442,170.16917
TEST_0443,43.427143
TEST_0444,64.43038
TEST_0445,-72.48181
TEST_0446,33.01425
TEST_0447,485.991
TEST_0448,40.03306
TEST_0449,777.5263
TEST_0450,353.22244
TEST_0451,170.84276
TEST_0452,224.63231
TEST_0453,503.13132
TEST_0454,227.0554
TEST_0455,196.10504
TEST_0456,550.01447
TEST_0457,67.27957
TEST_0458,706.1067
TEST_0459,717.1176
TEST_0460,1249.5057
TEST_0461,398.47653
TEST_0462,96.703285
TEST_0463,151.26001
TEST_0464,670.2652
TEST_0465,30.150394
TEST_0466,405.92676
TEST_0467,523.4229
TEST_0468,32.574665
TEST_0469,1105.8412
TEST_0470,359.8009
TEST_0471,24.464417
TEST_0472,344.37958
TEST_0473,789.0236
TEST_0474,1077.551
TEST_0475,317.33408
TEST_0476,206.28636
TEST_0477,480.66403
TEST_0478,316.43576
TEST_0479,736.2998
TEST_0480,841.41003
TEST_0481,150.28325
TEST_0482,-8.946954
TEST_0483,439.5452
TEST_0484,539.1625
TEST_0485,130.0964
TEST_0486,807.68207
TEST_0487,40.27741
TEST_0488,10.32391
TEST_0489,70.605736
TEST_0490,42.983875
TEST_0491,-38.757362
TEST_0492,-65.99987
TEST_0493,29.662132
TEST_0494,301.97382
TEST_0495,115.84709
TEST_0496,-20.546778
TEST_0497,56.78131
TEST_0498,772.0432
TEST_0499,16.376503
TEST_0500,282.48953
TEST_0501,286.26184
TEST_0502,463.6105
TEST_0503,51.780514
TEST_0504,139.1097
TEST_0505,239.03436
TEST_0506,183.7535
TEST_0507,64.40828
TEST_0508,826.85876
TEST_0509,375.95407
TEST_0510,116.72671
TEST_0511,26.772507
TEST_0512,226.52806
TEST_0513,136.58092
TEST_0514,60.010338
TEST_0515,90.275314
TEST_0516,-20.856768
TEST_0517,-7.173092
TEST_0518,185.53914
TEST_0519,-6.751134
TEST_0520,890.3029
TEST_0521,235.72778
TEST_0522,182.595
TEST_0523,380.78827
TEST_0524,388.50372
TEST_0525,60.388023
TEST_0526,564.28284
TEST_0527,15.179743
TEST_0528,148.42448
TEST_0529,17.899878
TEST_0530,123.08901
TEST_0531,720.05756
TEST_0532,287.65952
TEST_0533,315.75037
TEST_0534,567.29596
TEST_0535,375.65402
TEST_0536,265.2216
TEST_0537,-250.10979
TEST_0538,103.12083
TEST_0539,282.31125
TEST_0540,735.8871
TEST_0541,987.53015
TEST_0542,107.139496
TEST_0543,47.383736
TEST_0544,1468.8617
TEST_0545,92.43042
TEST_0546,863.6523
TEST_0547,31.507542
TEST_0548,1117.9254
TEST_0549,199.22385
TEST_0550,53.66503
TEST_0551,238.53401
TEST_0552,80.41424
TEST_0553,408.9184
TEST_0554,832.54736
TEST_0555,55.120132
TEST_0556,431.25333
TEST_0557,442.85403
TEST_0558,89.07452
TEST_0559,86.793434
TEST_0560,82.77303
TEST_0561,371.29086
TEST_0562,234.87639
TEST_0563,476.79987
TEST_0564,43.816666
TEST_0565,57.913254
TEST_0566,465.48727
TEST_0567,607.7031
TEST_0568,71.35767
TEST_0569,833.6115
TEST_0570,1107.381
TEST_0571,304.31284
TEST_0572,60.306522
TEST_0573,718.38696
TEST_0574,202.3127
TEST_0575,930.99677
TEST_0576,498.66403
TEST_0577,38.185715
TEST_0578,70.56192
TEST_0579,509.8753
TEST_0580,-14.396643
TEST_0581,-95.89488
TEST_0582,17.2429
TEST_0583,111.488
TEST_0584,261.85257
TEST_0585,94.79585
TEST_0586,62.199722
TEST_0587,160.87183
TEST_0588,228.8806
TEST_0589,303.6395
TEST_0590,413.3591
TEST_0591,134.48953
TEST_0592,63.91237
TEST_0593,146.92265
TEST_0594,50.002903
TEST_0595,183.12881
TEST_0596,165.73914
TEST_0597,132.83664
TEST_0598,40.22975
TEST_0599,148.01973
TEST_0600,172.08932
TEST_0601,373.7292
TEST_0602,93.22352
TEST_0603,61.2105
TEST_0604,353.6836
TEST_0605,48.549747
TEST_0606,1236.3964
TEST_0607,878.0097
TEST_0608,378.276
TEST_0609,565.75684
TEST_0610,-34.682777
TEST_0611,43.701122
TEST_0612,63.70925
TEST_0613,70.50269
TEST_0614,315.86047
TEST_0615,32.24809
TEST_0616,76.58861
TEST_0617,-34.696594
TEST_0618,433.03845
TEST_0619,60.82717
TEST_0620,135.67462
TEST_0621,188.27936
TEST_0622,322.3213
TEST_0623,208.54967
TEST_0624,315.36652
TEST_0625,47.36537
TEST_0626,363.65637
TEST_0627,374.73578
TEST_0628,414.8611
TEST_0629,392.62802
TEST_0630,196.5329
TEST_0631,405.69995
TEST_0632,180.39853
TEST_0633,-38.24796
TEST_0634,34.82923
TEST_0635,326.91913
TEST_0636,158.86775
TEST_0637,77.94337
TEST_0638,103.41776
TEST_0639,296.76498
TEST_0640,217.20764
TEST_0641,189.72086
TEST_0642,301.4989
TEST_0643,1018.8136
TEST_0644,89.04512
TEST_0645,164.46846
TEST_0646,-25.470587
TEST_0647,-60.37454
TEST_0648,74.6815
TEST_0649,556.72363
TEST_0650,1058.6233
TEST_0651,145.03012
TEST_0652,330.76678
TEST_0653,247.12807
TEST_0654,495.5036
TEST_0655,470.18744
TEST_0656,781.83984
TEST_0657,33.276764
TEST_0658,-9.515453
TEST_0659,568.97577
TEST_0660,743.0864
TEST_0661,168.05476
TEST_0662,1236.8125
TEST_0663,124.17842
TEST_0664,282.719
TEST_0665,104.77185
TEST_0666,103.22333
TEST_0667,-29.890394
TEST_0668,405.99066
TEST_0669,796.6782
TEST_0670,403.22556
TEST_0671,321.34854
TEST_0672,194.07938
TEST_0673,457.76428
TEST_0674,782.11005
TEST_0675,449.33524
TEST_0676,15.927747
TEST_0677,144.50208
TEST_0678,210.05074
TEST_0679,38.024364
TEST_0680,1016.36365
TEST_0681,246.5948
TEST_0682,226.22719
TEST_0683,983.4782
TEST_0684,45.974125
TEST_0685,297.22336
TEST_0686,93.57577
TEST_0687,89.72798
TEST_0688,187.86128
TEST_0689,76.52822
TEST_0690,23.003248
TEST_0691,19.249054
TEST_0692,910.5041
TEST_0693,73.42514
TEST_0694,246.72505
TEST_0695,42.34331
TEST_0696,322.707
TEST_0697,270.9459
TEST_0698,283.22858
TEST_0699,399.58286
TEST_0700,122.268936
TEST_0701,-13.234948
TEST_0702,4.388243
TEST_0703,-190.76329
TEST_0704,23.991543
TEST_0705,167.49225
TEST_0706,65.351364
TEST_0707,321.19904
TEST_0708,249.91995
TEST_0709,299.46378
TEST_0710,118.44262
TEST_0711,1828.7953
TEST_0712,228.95587
TEST_0713,781.0291
TEST_0714,310.77255
TEST_0715,70.70035
TEST_0716,-17.455698
TEST_0717,149.73608
TEST_0718,360.97592
TEST_0719,1386.5365
TEST_0720,161.78993
TEST_0721,258.4377
TEST_0722,102.36676
TEST_0723,59.900818
TEST_0724,178.12024
TEST_0725,118.11136
TEST_0726,472.07544
TEST_0727,1064.6349
TEST_0728,15.709221
TEST_0729,134.98155
TEST_0730,102.52545
TEST_0731,376.69766
TEST_0732,575.0616
TEST_0733,100.21204
TEST_0734,540.7259
TEST_0735,179.74501
TEST_0736,511.17404
TEST_0737,305.75568
TEST_0738,1214.2234
TEST_0739,615.4247
TEST_0740,374.8587
TEST_0741,59.777153
TEST_0742,28.419949
TEST_0743,81.81336
TEST_0744,141.12521
TEST_0745,358.66153
TEST_0746,47.854122
TEST_0747,863.1034
TEST_0748,183.10907
TEST_0749,307.03198
TEST_0750,214.7949
TEST_0751,370.24832
TEST_0752,1207.4626
TEST_0753,63.26846
TEST_0754,39.625328
TEST_0755,319.5889
TEST_0756,477.219
TEST_0757,326.47946
TEST_0758,184.57365
TEST_0759,-1.4212781
TEST_0760,317.56537
TEST_0761,-24.020855
TEST_0762,416.57553
TEST_0763,196.46533
TEST_0764,623.489
TEST_0765,176.82385
TEST_0766,1090.161
TEST_0767,277.15402
TEST_0768,407.88953
TEST_0769,178.7759
TEST_0770,134.26183
TEST_0771,-137.14436
TEST_0772,23.47095
TEST_0773,134.22609
TEST_0774,264.5428
TEST_0775,85.23428
TEST_0776,483.27634
TEST_0777,232.76176
TEST_0778,550.78827
TEST_0779,111.707436
TEST_0780,3.3776515
TEST_0781,449.9761
TEST_0782,197.08696
TEST_0783,432.79453
TEST_0784,203.12263
TEST_0785,-19.428745
TEST_0786,11.627107
TEST_0787,66.594795
TEST_0788,209.21669
TEST_0789,287.4656
TEST_0790,313.3294
TEST_0791,162.05397
TEST_0792,831.7432
TEST_0793,-35.28615
TEST_0794,178.77203
TEST_0795,258.02478
TEST_0796,13.99278
TEST_0797,63.615883
TEST_0798,68.95651
TEST_0799,165.38037
TEST_0800,83.87871
TEST_0801,116.43362
TEST_0802,295.10132
TEST_0803,62.934895
TEST_0804,378.8694
TEST_0805,-41.372047
TEST_0806,53.44061
TEST_0807,956.74713
TEST_0808,1464.6227
TEST_0809,33.68582
TEST_0810,122.40802
TEST_0811,60.183594
TEST_0812,115.87639
TEST_0813,180.94617
TEST_0814,84.94478
TEST_0815,5.0534377
TEST_0816,187.3337
TEST_0817,95.168724
TEST_0818,119.97295
TEST_0819,-42.95047
TEST_0820,609.3357
TEST_0821,46.087276
TEST_0822,175.3511
TEST_0823,-10.4617195
TEST_0824,28.0689
TEST_0825,-15.620232
TEST_0826,523.92773
TEST_0827,68.48631
TEST_0828,77.654854
TEST_0829,531.9104
TEST_0830,1158.6469
TEST_0831,259.6421
TEST_0832,50.76543
TEST_0833,294.7551
TEST_0834,27.509611
TEST_0835,329.10202
TEST_0836,533.6487
TEST_0837,-5.4552765
TEST_0838,-0.6515801
TEST_0839,171.4335
TEST_0840,94.04086
TEST_0841,329.1664
TEST_0842,125.11224
TEST_0843,274.0355
TEST_0844,-10.425582
TEST_0845,161.56836
TEST_0846,810.7008
TEST_0847,198.45952
TEST_0848,139.1329
TEST_0849,19.58941
TEST_0850,28.422104
TEST_0851,73.46907
TEST_0852,46.310707
TEST_0853,413.64746
TEST_0854,207.76205
TEST_0855,431.80005
TEST_0856,-4.114323
TEST_0857,395.00827
TEST_0858,817.03577
TEST_0859,18.304455
TEST_0860,0.428639
TEST_0861,264.55002
TEST_0862,164.13905
TEST_0863,74.53217
TEST_0864,769.3687
TEST_0865,107.07913
TEST_0866,94.85553
TEST_0867,58.829967
TEST_0868,69.34303
TEST_0869,507.7888
TEST_0870,99.3063
TEST_0871,293.5255
TEST_0872,205.49156
TEST_0873,-3.1723921
TEST_0874,479.3275
TEST_0875,247.40462
TEST_0876,329.64246
TEST_0877,550.1759
TEST_0878,6.359991
TEST_0879,486.08197
TEST_0880,272.4294
TEST_0881,-66.19321
TEST_0882,289.29642
TEST_0883,420.0441
TEST_0884,151.09013
TEST_0885,0.70760596
TEST_0886,83.39866
TEST_0887,259.68112
TEST_0888,24.481926
TEST_0889,1.9479141
TEST_0890,52.562588
TEST_0891,342.51385
TEST_0892,775.6609
TEST_0893,-56.113888
TEST_0894,7.2468686
TEST_0895,77.283844
TEST_0896,274.44247
TEST_0897,212.2708
TEST_0898,46.92441
TEST_0899,494.7501
TEST_0900,-24.945868
TEST_0901,196.62244
TEST_0902,80.01903
TEST_0903,395.28644
TEST_0904,38.815132
TEST_0905,57.41508
TEST_0906,786.9543
TEST_0907,592.8478
TEST_0908,471.1959
TEST_0909,-3.7150297
TEST_0910,707.8933
TEST_0911,-115.09984
TEST_0912,977.67694
TEST_0913,152.1738
TEST_0914,135.36137
TEST_0915,27.454428
TEST_0916,93.15524
TEST_0917,38.87157
TEST_0918,725.0979
TEST_0919,329.40555
TEST_0920,232.38287
TEST_0921,129.46442
TEST_0922,226.95653
TEST_0923,417.79013
TEST_0924,77.78299
TEST_0925,1010.7224
TEST_0926,129.87582
TEST_0927,288.5392
TEST_0928,900.5142
TEST_0929,311.55746
TEST_0930,363.14804
TEST_0931,23.016174
TEST_0932,60.684414
TEST_0933,-2.2957423
TEST_0934,24.144466
TEST_0935,-114.980354
TEST_0936,70.909935
TEST_0937,519.5275
TEST_0938,17.997904
TEST_0939,45.09029
TEST_0940,508.16467
TEST_0941,113.026985
TEST_0942,-21.296919
TEST_0943,1756.8281
TEST_0944,356.44156
TEST_0945,112.6115
TEST_0946,-53.346554
TEST_0947,197.58589
TEST_0948,731.439
TEST_0949,305.426
TEST_0950,248.02774
TEST_0951,77.40193
TEST_0952,285.1134
TEST_0953,673.92377
TEST_0954,860.4302
TEST_0955,103.67457
TEST_0956,375.27188
TEST_0957,720.7847
TEST_0958,214.88998
TEST_0959,152.43771
TEST_0960,1812.5223
TEST_0961,518.5413
TEST_0962,52.335835
TEST_0963,1016.54364
TEST_0964,186.36707
TEST_0965,595.00116
TEST_0966,372.83423
TEST_0967,947.9342
TEST_0968,188.30965
TEST_0969,32.040295
TEST_0970,71.40599
TEST_0971,596.44324
TEST_0972,226.5748
TEST_0973,120.82377
TEST_0974,353.17526
TEST_0975,241.31104
TEST_0976,450.04086
TEST_0977,535.9825
TEST_0978,139.95963
TEST_0979,59.286266
TEST_0980,437.52982
TEST_0981,448.0087
TEST_0982,27.67578
TEST_0983,268.2877
TEST_0984,165.38367
TEST_0985,80.99776
TEST_0986,75.63397
TEST_0987,128.76944
TEST_0988,148.55505
TEST_0989,753.9253
TEST_0990,941.92
TEST_0991,190.89914
TEST_0992,137.87386
TEST_0993,193.85057
TEST_0994,193.26863
TEST_0995,210.85573
TEST_0996,119.3741
TEST_0997,392.9243
TEST_0998,269.02304
TEST_0999,48.231968
TEST_1000,75.111626
TEST_1001,204.95859
TEST_1002,554.1236
TEST_1003,723.6196
TEST_1004,126.73033
TEST_1005,130.55966
TEST_1006,288.89188
TEST_1007,151.52997
TEST_1008,-15.854262
TEST_1009,-33.638714
TEST_1010,10.454574
TEST_1011,69.54101
TEST_1012,3.6618721
TEST_1013,769.8725
TEST_1014,98.7679
TEST_1015,574.2235
TEST_1016,336.89777
TEST_1017,248.14978
TEST_1018,588.18427
TEST_1019,-77.33932
TEST_1020,25.843357
TEST_1021,998.49475
TEST_1022,247.27933
TEST_1023,84.39059
TEST_1024,107.54523
TEST_1025,9.300208
TEST_1026,95.04677
TEST_1027,26.871826
TEST_1028,299.79538
TEST_1029,88.04404
TEST_1030,274.50577
TEST_1031,194.6977
TEST_1032,488.87482
TEST_1033,324.10452
TEST_1034,-19.446573
TEST_1035,510.88116
TEST_1036,139.17392
TEST_1037,50.046814
TEST_1038,152.70554
TEST_1039,448.55493
TEST_1040,72.86142
TEST_1041,566.8685
TEST_1042,256.0164
TEST_1043,43.8048
TEST_1044,1472.5654
TEST_1045,81.151855
TEST_1046,99.6481
TEST_1047,484.96057
TEST_1048,397.13895
TEST_1049,48.74515
TEST_1050,988.0968
TEST_1051,255.14543
TEST_1052,484.89023
TEST_1053,84.48746
TEST_1054,81.20473
TEST_1055,-78.197876
TEST_1056,23.302319
TEST_1057,128.62009
TEST_1058,164.71909
TEST_1059,-6.2350373
TEST_1060,836.15155
TEST_1061,251.22592
TEST_1062,330.53485
TEST_1063,1789.1573
TEST_1064,-118.52664
TEST_1065,108.88174
TEST_1066,44.411736
TEST_1067,185.28555
TEST_1068,916.1137
TEST_1069,181.07646
TEST_1070,460.39444
TEST_1071,494.67874
TEST_1072,40.730415
TEST_1073,329.27573
TEST_1074,65.168945
TEST_1075,994.56494
TEST_1076,132.2244
TEST_1077,18.161995
TEST_1078,214.30495
TEST_1079,-90.01561
TEST_1080,-11.385979
TEST_1081,154.59033
TEST_1082,14.400662
TEST_1083,7.445049
TEST_1084,112.901825
TEST_1085,2.7634463
TEST_1086,616.10767
TEST_1087,527.60364
TEST_1088,-23.163683
TEST_1089,329.2379
TEST_1090,34.55226
TEST_1091,27.213415
TEST_1092,713.7675
TEST_1093,243.39189
TEST_1094,268.68298
TEST_1095,132.25623
TEST_1096,31.800407
TEST_1097,780.21515
TEST_1098,532.7402
TEST_1099,65.40763
TEST_1100,520.0042
TEST_1101,364.24005
TEST_1102,50.74625
TEST_1103,123.23231
TEST_1104,157.22781
TEST_1105,62.637245
TEST_1106,862.92017
TEST_1107,622.1057
TEST_1108,70.62106
TEST_1109,483.70734
TEST_1110,442.48886
TEST_1111,617.75616
TEST_1112,61.82645
TEST_1113,199.48419
TEST_1114,-99.693
TEST_1115,344.5635
TEST_1116,158.57774
TEST_1117,297.76596
TEST_1118,101.725716
TEST_1119,112.947044
TEST_1120,118.52931
TEST_1121,28.737684
TEST_1122,65.819595
TEST_1123,418.133
TEST_1124,81.1145
TEST_1125,519.4558
TEST_1126,-53.79364
TEST_1127,32.37153
TEST_1128,96.232086
TEST_1129,443.7482
TEST_1130,25.006914
TEST_1131,27.119476
TEST_1132,-48.32559
TEST_1133,262.50583
TEST_1134,324.37888
TEST_1135,101.95319
TEST_1136,455.83096
TEST_1137,-36.992653
TEST_1138,-69.99445
TEST_1139,285.05072
TEST_1140,41.54055
TEST_1141,147.34254
TEST_1142,289.8702
TEST_1143,112.96598
TEST_1144,524.14514
TEST_1145,179.28304
TEST_1146,56.242092
TEST_1147,225.53299
TEST_1148,829.6579
TEST_1149,51.791107
TEST_1150,327.03052
TEST_1151,120.281906
TEST_1152,165.50089
TEST_1153,73.6023
TEST_1154,52.558167
TEST_1155,461.9326
TEST_1156,259.43747
TEST_1157,234.81537
TEST_1158,355.16525
TEST_1159,-9.1958475
TEST_1160,197.91702
TEST_1161,-58.2927
TEST_1162,226.53838
TEST_1163,305.43997
TEST_1164,155.53107
TEST_1165,6.8240495
TEST_1166,37.20637
TEST_1167,110.126114
TEST_1168,127.74825
TEST_1169,727.53046
TEST_1170,467.55472
TEST_1171,278.08774
TEST_1172,67.48375
TEST_1173,290.7548
TEST_1174,535.9407
TEST_1175,124.550446
TEST_1176,9.944502
TEST_1177,73.2371
TEST_1178,72.08687
TEST_1179,91.58729
TEST_1180,498.08728
TEST_1181,329.6512
TEST_1182,287.8491
TEST_1183,57.793922
TEST_1184,226.86272
TEST_1185,52.396385
TEST_1186,344.85156
TEST_1187,96.14993
TEST_1188,64.65202
TEST_1189,296.0384
TEST_1190,12.472045
TEST_1191,1139.1263
TEST_1192,148.13527
TEST_1193,286.53745
TEST_1194,328.81793
TEST_1195,518.5219
TEST_1196,357.18246
TEST_1197,234.7561
TEST_1198,21.15444
TEST_1199,500.46982
TEST_1200,51.883896
TEST_1201,174.3144
TEST_1202,666.9548
TEST_1203,31.247276
TEST_1204,-48.590195
TEST_1205,474.25284
TEST_1206,21.545824
TEST_1207,193.35838
TEST_1208,203.90527
TEST_1209,832.8823
TEST_1210,84.122444
TEST_1211,209.35031
TEST_1212,368.96222
TEST_1213,97.02529
TEST_1214,291.70175
TEST_1215,705.2316
TEST_1216,91.74965
TEST_1217,232.4935
TEST_1218,266.0137
TEST_1219,190.30807
TEST_1220,74.38641
TEST_1221,110.55056
TEST_1222,341.9184
TEST_1223,216.41359
TEST_1224,106.84686
TEST_1225,77.427826
TEST_1226,653.78076
TEST_1227,130.10329
TEST_1228,223.54062
TEST_1229,145.56909
TEST_1230,379.9485
TEST_1231,131.93977
TEST_1232,104.71758
TEST_1233,263.8906
TEST_1234,675.34894
TEST_1235,101.24564
TEST_1236,189.00752
TEST_1237,345.21518
TEST_1238,278.5959
TEST_1239,71.789116
TEST_1240,250.89682
TEST_1241,338.7521
TEST_1242,9.459154
TEST_1243,176.4315
TEST_1244,854.6985
TEST_1245,428.86664
TEST_1246,128.32672
TEST_1247,406.11826
TEST_1248,-45.992844
TEST_1249,190.9585
TEST_1250,1100.2831
TEST_1251,351.64633
TEST_1252,415.8044
TEST_1253,57.7322
TEST_1254,440.73816
TEST_1255,269.41208
TEST_1256,176.41309
TEST_1257,-55.542152
TEST_1258,112.420685
TEST_1259,638.5236
TEST_1260,288.59317
TEST_1261,55.803963
TEST_1262,350.46912
TEST_1263,63.894966
TEST_1264,100.701706
TEST_1265,125.76408
TEST_1266,71.82798
TEST_1267,17.280605
TEST_1268,509.40228
TEST_1269,428.73032
TEST_1270,251.52606
TEST_1271,1944.0973
TEST_1272,270.2463
TEST_1273,147.9494
TEST_1274,3.8240156
TEST_1275,82.913666
TEST_1276,111.972984
TEST_1277,15.983034
TEST_1278,409.55716
TEST_1279,437.97107
TEST_1280,-34.67515
TEST_1281,39.793934
TEST_1282,67.55453
TEST_1283,329.49713
TEST_1284,191.69296
TEST_1285,1839.4893
TEST_1286,441.13422
TEST_1287,88.95023
TEST_1288,181.81429
TEST_1289,407.35132
TEST_1290,84.55577
TEST_1291,350.5884
TEST_1292,102.21875
TEST_1293,1094.0338
TEST_1294,340.278
TEST_1295,904.64453
TEST_1296,33.585846
TEST_1297,55.879517
TEST_1298,1283.5973
TEST_1299,411.55325
TEST_1300,-11.002158
TEST_1301,326.69583
TEST_1302,318.22418
TEST_1303,655.61176
TEST_1304,59.03336
TEST_1305,314.16116
TEST_1306,183.18872
TEST_1307,585.40765
TEST_1308,463.16428
TEST_1309,51.99541
TEST_1310,64.707214
TEST_1311,297.9064
TEST_1312,1759.4382
TEST_1313,245.11372
TEST_1314,174.6766
TEST_1315,445.09564
TEST_1316,214.2704
TEST_1317,35.844555
TEST_1318,329.65155
TEST_1319,128.11096
TEST_1320,210.18971
TEST_1321,110.2627
TEST_1322,589.4622
TEST_1323,40.737865
TEST_1324,-4.1495166
TEST_1325,-2.4157903
TEST_1326,101.59452
TEST_1327,529.2521
TEST_1328,200.66089
TEST_1329,397.8394
TEST_1330,25.008661
TEST_1331,-41.395477
TEST_1332,708.8494
TEST_1333,45.152237
TEST_1334,304.5203
TEST_1335,334.53842
TEST_1336,499.90497
TEST_1337,11.45959
TEST_1338,30.744804
TEST_1339,196.40681
TEST_1340,441.30685
TEST_1341,208.83575
TEST_1342,618.5036
TEST_1343,231.48308
TEST_1344,33.49427
TEST_1345,170.17708
TEST_1346,237.52979
TEST_1347,285.80682
TEST_1348,259.5839
TEST_1349,359.65
TEST_1350,149.4946
TEST_1351,39.93485
TEST_1352,23.88649
TEST_1353,13.727895
TEST_1354,-30.887194
TEST_1355,292.9896
TEST_1356,521.3037
TEST_1357,48.344204
TEST_1358,520.54315
TEST_1359,469.50882
TEST_1360,822.5611
TEST_1361,180.38625
TEST_1362,148.94257
TEST_1363,22.379295
TEST_1364,31.699677
TEST_1365,703.9834
TEST_1366,572.09235
TEST_1367,308.82556
TEST_1368,401.90955
TEST_1369,585.60565
TEST_1370,41.228996
TEST_1371,629.98096
TEST_1372,22.035799
TEST_1373,-5.6747003
TEST_1374,983.70746
TEST_1375,21.523848
TEST_1376,43.977352
TEST_1377,29.57586
TEST_1378,62.693977
TEST_1379,14.067971
TEST_1380,256.65445
TEST_1381,25.30897
TEST_1382,10.482305
TEST_1383,397.64163
TEST_1384,95.69529
TEST_1385,13.072499
TEST_1386,845.0998
TEST_1387,91.8034
TEST_1388,103.33583
TEST_1389,403.2042
TEST_1390,-5.3280525
TEST_1391,10.968589
TEST_1392,366.1312
TEST_1393,367.64105
TEST_1394,-28.332067
TEST_1395,-3.8679528
TEST_1396,17.544611
TEST_1397,128.64505
TEST_1398,118.94479
TEST_1399,251.89871
TEST_1400,22.897951
TEST_1401,-41.338947
TEST_1402,357.6276
TEST_1403,308.02728
TEST_1404,44.713615
TEST_1405,171.82501
TEST_1406,134.53716
TEST_1407,317.0782
TEST_1408,659.47363
TEST_1409,903.86127
TEST_1410,336.9131
TEST_1411,148.5492
TEST_1412,313.2321
TEST_1413,31.654503
TEST_1414,4.984314
TEST_1415,46.60896
TEST_1416,18.148249
TEST_1417,322.8892
TEST_1418,367.0605
TEST_1419,204.50272
TEST_1420,326.87842
TEST_1421,52.523983
TEST_1422,491.03397
TEST_1423,446.56335
TEST_1424,137.2659
TEST_1425,467.7849
TEST_1426,33.701103
TEST_1427,92.90046
TEST_1428,319.45844
TEST_1429,229.68988
TEST_1430,246.52292
TEST_1431,449.36124
TEST_1432,346.59537
TEST_1433,229.04395
TEST_1434,291.0169
TEST_1435,82.56251
TEST_1436,44.434944
TEST_1437,367.68884
TEST_1438,305.84683
TEST_1439,595.8163
TEST_1440,83.07783
TEST_1441,163.86151
TEST_1442,74.354546
TEST_1443,106.966484
TEST_1444,980.01544
TEST_1445,49.722374
TEST_1446,121.89853
TEST_1447,154.69283
TEST_1448,118.104195
TEST_1449,384.61267
TEST_1450,452.6724
TEST_1451,447.8685
TEST_1452,329.77045
TEST_1453,37.197628
TEST_1454,196.5388
TEST_1455,202.86093
TEST_1456,108.56662
TEST_1457,218.62994
TEST_1458,-29.33352
TEST_1459,64.053375
TEST_1460,299.11536
TEST_1461,576.72614
TEST_1462,1066.4302
TEST_1463,335.48703
TEST_1464,33.510643
TEST_1465,16.122738
TEST_1466,150.06233
TEST_1467,-79.11368
TEST_1468,16.936047
TEST_1469,43.025787
TEST_1470,179.32332
TEST_1471,104.32041
TEST_1472,282.1112
TEST_1473,101.04679
TEST_1474,122.70145
TEST_1475,352.761
TEST_1476,88.024895
TEST_1477,648.4798
TEST_1478,224.84949
TEST_1479,204.72255
TEST_1480,35.05263
TEST_1481,-17.49442
TEST_1482,11.3270035
TEST_1483,650.81976
TEST_1484,62.4282
TEST_1485,177.19334
TEST_1486,40.78546
TEST_1487,486.10748
TEST_1488,95.200195
TEST_1489,114.53695
TEST_1490,26.74228
TEST_1491,102.16994
TEST_1492,387.39252
TEST_1493,64.79469
TEST_1494,108.89164
TEST_1495,165.3993
TEST_1496,125.886635
TEST_1497,251.38066
TEST_1498,426.43887
TEST_1499,378.99426
TEST_1500,134.29805
TEST_1501,66.52691
TEST_1502,64.944756
TEST_1503,1014.04767
TEST_1504,201.6196
TEST_1505,41.932495
TEST_1506,1072.4874
TEST_1507,1773.5676
TEST_1508,184.41908
TEST_1509,198.59258
TEST_1510,27.14405
TEST_1511,90.28379
TEST_1512,66.62185
TEST_1513,34.94293
TEST_1514,60.751583
TEST_1515,430.0568
TEST_1516,157.60547
TEST_1517,-20.798359
TEST_1518,116.86778
TEST_1519,373.3788
TEST_1520,678.4192
TEST_1521,421.6819
TEST_1522,373.53943
TEST_1523,-55.198353
TEST_1524,1228.741
TEST_1525,137.07088
TEST_1526,372.98743
TEST_1527,279.63876
TEST_1528,322.0224
TEST_1529,45.8668
TEST_1530,3.956595
TEST_1531,84.36534
TEST_1532,61.247906
TEST_1533,91.746475
TEST_1534,120.34066
TEST_1535,229.86682
TEST_1536,123.950386
TEST_1537,14.100411
TEST_1538,47.78606
TEST_1539,70.73341
TEST_1540,749.8349
TEST_1541,258.17297
TEST_1542,205.4448
TEST_1543,-73.992584
TEST_1544,94.765175
TEST_1545,227.9916
TEST_1546,627.68787
TEST_1547,45.567745
TEST_1548,756.9787
TEST_1549,52.646503
TEST_1550,56.93247
TEST_1551,579.34045
TEST_1552,736.19257
TEST_1553,128.18382
TEST_1554,496.27414
TEST_1555,105.23783
TEST_1556,-25.055319
TEST_1557,6.3161807
TEST_1558,505.3997
TEST_1559,116.459
TEST_1560,646.65356
TEST_1561,163.11949
TEST_1562,180.6689
TEST_1563,70.728874
TEST_1564,-16.423592
TEST_1565,568.02405
TEST_1566,619.63464
TEST_1567,213.31102
TEST_1568,84.88307
TEST_1569,113.49375
TEST_1570,137.5295
TEST_1571,12.152944
TEST_1572,-4.350239
TEST_1573,12.253047
TEST_1574,584.7753
TEST_1575,22.114056
TEST_1576,27.908981
TEST_1577,645.3262
TEST_1578,216.81943
TEST_1579,88.00582
TEST_1580,736.1607
TEST_1581,107.76245
TEST_1582,150.04625
TEST_1583,412.4777
TEST_1584,57.696236
TEST_1585,-5.667028
TEST_1586,48.50592
TEST_1587,251.56155
TEST_1588,25.622677
TEST_1589,705.5256
TEST_1590,283.75146
TEST_1591,118.85913
TEST_1592,100.56965
TEST_1593,536.4064
TEST_1594,343.48175
TEST_1595,422.5309
TEST_1596,414.40005
TEST_1597,91.88774
TEST_1598,10.100658
TEST_1599,45.677444
TEST_1600,93.414375
TEST_1601,250.58423
TEST_1602,560.07446
TEST_1603,350.5323
TEST_1604,660.9894
TEST_1605,43.493576
TEST_1606,711.58014
TEST_1607,69.90924
TEST_1608,-16.402618
TEST_1609,92.457756
TEST_1610,90.95836
TEST_1611,106.40399
TEST_1612,361.14258
TEST_1613,3.7141283
TEST_1614,983.7454
TEST_1615,81.40428
TEST_1616,454.13068
TEST_1617,253.25822
TEST_1618,258.28445
TEST_1619,189.12857
TEST_1620,45.590977
TEST_1621,41.854645
TEST_1622,535.30426
TEST_1623,-49.23988
TEST_1624,419.4716
TEST_1625,128.45604
TEST_1626,166.9599
TEST_1627,133.49936
TEST_1628,79.10019
TEST_1629,424.11765
TEST_1630,652.87115
TEST_1631,-4.751751
TEST_1632,304.53436
TEST_1633,123.6396
TEST_1634,120.62961
TEST_1635,544.33276
TEST_1636,60.443142
TEST_1637,186.28523
TEST_1638,63.183052
TEST_1639,272.32812
TEST_1640,28.157072
TEST_1641,388.02335
TEST_1642,158.40796
TEST_1643,93.788956
TEST_1644,142.98933
TEST_1645,133.80891
TEST_1646,163.0687
TEST_1647,624.66376
TEST_1648,321.50507
TEST_1649,201.19913
TEST_1650,-103.30806
TEST_1651,45.07265
TEST_1652,241.98515
TEST_1653,201.83203
TEST_1654,136.73056
TEST_1655,45.821404
TEST_1656,-4.8590255
TEST_1657,26.514093
TEST_1658,353.82657
TEST_1659,570.7109
TEST_1660,534.6141
TEST_1661,165.30971
TEST_1662,244.73378
TEST_1663,17.50113
TEST_1664,191.58144
TEST_1665,200.73698
TEST_1666,192.33344
TEST_1667,172.82425
TEST_1668,1194.7096
TEST_1669,599.9663
TEST_1670,355.20908
TEST_1671,178.28589
TEST_1672,-73.53154
TEST_1673,236.87239
TEST_1674,26.220732
TEST_1675,426.9293
TEST_1676,418.11124
TEST_1677,30.98047
TEST_1678,-22.037209
TEST_1679,114.688
TEST_1680,170.99086
TEST_1681,60.52704
TEST_1682,510.47507
TEST_1683,287.78348
TEST_1684,-241.06432
TEST_1685,33.200317
TEST_1686,-63.627563
TEST_1687,17.83775
TEST_1688,279.63083
TEST_1689,85.65024
TEST_1690,138.16469
TEST_1691,20.697172
TEST_1692,11.734231
TEST_1693,87.945724
TEST_1694,525.2499
TEST_1695,186.17294
TEST_1696,612.14844
TEST_1697,-50.959286
TEST_1698,154.92078
TEST_1699,-29.426437
TEST_1700,833.43134
TEST_1701,8.677981
TEST_1702,188.67911
TEST_1703,114.87281
TEST_1704,402.19785
TEST_1705,-9.565372
TEST_1706,71.66054
TEST_1707,353.98395
TEST_1708,1156.7258
TEST_1709,1.2889977
TEST_1710,373.1533
TEST_1711,244.86194
TEST_1712,217.40804
TEST_1713,552.7615
TEST_1714,94.692856
TEST_1715,325.29733
TEST_1716,206.15456
TEST_1717,699.71094
TEST_1718,58.445587
TEST_1719,380.76038
TEST_1720,278.926
TEST_1721,111.25061
TEST_1722,-27.045057
TEST_1723,627.15295
TEST_1724,132.19499
TEST_1725,-13.555667
TEST_1726,930.5158
TEST_1727,102.022064
TEST_1728,174.26167
TEST_1729,35.25016
TEST_1730,555.6629
TEST_1731,3319.5444
TEST_1732,84.438
TEST_1733,70.94442
TEST_1734,1012.7131
TEST_1735,90.27837
TEST_1736,-55.967354
TEST_1737,407.122
TEST_1738,586.18066
TEST_1739,67.61583
TEST_1740,966.398
TEST_1741,30.809917
TEST_1742,220.94048
TEST_1743,-1.7593567
TEST_1744,331.44055
TEST_1745,59.51623
TEST_1746,149.9032
TEST_1747,35.810646
TEST_1748,126.369865
TEST_1749,320.27158
TEST_1750,-31.373453
TEST_1751,579.1603
TEST_1752,158.94827
TEST_1753,513.43365
TEST_1754,20.696299
TEST_1755,279.33636
TEST_1756,103.40623
TEST_1757,25.729345
TEST_1758,312.95648
TEST_1759,83.73657
TEST_1760,192.19768
TEST_1761,-20.364182
TEST_1762,251.71487
TEST_1763,30.315346
TEST_1764,708.3308
TEST_1765,74.7149
TEST_1766,187.35014
TEST_1767,440.92947
TEST_1768,96.50409
TEST_1769,199.06134
TEST_1770,71.402336
TEST_1771,69.022
TEST_1772,458.93243
TEST_1773,65.96005
TEST_1774,62.499355
TEST_1775,29.510584
TEST_1776,5.624492
TEST_1777,100.21953
TEST_1778,180.47728
TEST_1779,-117.10806
TEST_1780,337.7802
TEST_1781,135.3582
TEST_1782,233.4006
TEST_1783,187.06525
TEST_1784,82.97153
TEST_1785,1311.8756
TEST_1786,79.20956
TEST_1787,87.564285
TEST_1788,-96.80339
TEST_1789,51.28363
TEST_1790,256.5174
TEST_1791,-5.579678
TEST_1792,263.69635
TEST_1793,359.10187
TEST_1794,67.35271
TEST_1795,390.59055
TEST_1796,201.53473
TEST_1797,41.188824
TEST_1798,262.4959
TEST_1799,53.277794
TEST_1800,222.23247
TEST_1801,433.07834
TEST_1802,1340.3722
TEST_1803,45.721233
TEST_1804,314.3893
TEST_1805,40.238945
TEST_1806,63.47619
TEST_1807,176.56064
TEST_1808,146.02766
TEST_1809,137.29597
TEST_1810,598.8731
TEST_1811,36.61585
TEST_1812,411.5039
TEST_1813,104.518005
TEST_1814,3189.102
TEST_1815,392.0368
TEST_1816,60.32314
TEST_1817,361.82886
TEST_1818,181.0639
TEST_1819,426.47937
TEST_1820,109.762695
TEST_1821,729.1726
TEST_1822,89.54418
TEST_1823,3.037312
TEST_1824,72.474884
TEST_1825,-53.401684
TEST_1826,356.8657
TEST_1827,1847.841
TEST_1828,607.54095
TEST_1829,41.413876
TEST_1830,517.1556
TEST_1831,-127.290665
TEST_1832,529.3194
TEST_1833,184.3315
TEST_1834,-41.12374
TEST_1835,501.19504
TEST_1836,176.9541
TEST_1837,1.0051016
TEST_1838,209.93642
TEST_1839,1294.0127
TEST_1840,397.3291
TEST_1841,412.35376
TEST_1842,412.33173
TEST_1843,337.2537
TEST_1844,114.44495
TEST_1845,20.422943
TEST_1846,178.27367
TEST_1847,594.25415
TEST_1848,241.20729
TEST_1849,59.714676
TEST_1850,-25.447447
TEST_1851,196.47931
TEST_1852,333.11664
TEST_1853,132.49251
TEST_1854,544.4758
TEST_1855,465.8321
TEST_1856,30.833519
TEST_1857,102.23961
TEST_1858,69.756035
TEST_1859,135.28047
TEST_1860,101.213615
TEST_1861,441.88394
TEST_1862,547.99756
TEST_1863,123.45371
TEST_1864,213.4061
TEST_1865,112.98398
TEST_1866,12.489152
TEST_1867,322.99615
TEST_1868,683.60876
TEST_1869,81.69228
TEST_1870,563.32983
TEST_1871,261.90106
TEST_1872,75.830086
TEST_1873,14.045615
TEST_1874,124.42594
TEST_1875,177.52615
TEST_1876,6.127982
TEST_1877,120.09096
TEST_1878,376.75226
TEST_1879,105.0661
TEST_1880,139.25523
TEST_1881,817.86743
TEST_1882,224.39252
TEST_1883,167.51349
TEST_1884,206.43806
TEST_1885,212.96733
TEST_1886,42.212643
TEST_1887,23.80676
TEST_1888,126.029
TEST_1889,140.388
TEST_1890,1035.4712
TEST_1891,206.77213
TEST_1892,65.84103
TEST_1893,98.08189
TEST_1894,171.33844
TEST_1895,358.72495
TEST_1896,277.687
TEST_1897,-63.813633
TEST_1898,197.75258
TEST_1899,102.43926
TEST_1900,254.0416
TEST_1901,222.74825
TEST_1902,523.6263
TEST_1903,387.32242
TEST_1904,404.72992
TEST_1905,116.69651
TEST_1906,-100.12282
TEST_1907,213.62706
TEST_1908,19.451027
TEST_1909,49.49723
TEST_1910,178.85796
TEST_1911,95.872284
TEST_1912,175.58694
TEST_1913,347.69476
TEST_1914,320.59406
TEST_1915,165.25087
TEST_1916,-37.977333
TEST_1917,-0.31849104
TEST_1918,243.1457
TEST_1919,116.527596
TEST_1920,183.79715
TEST_1921,221.67984
TEST_1922,361.0255
TEST_1923,204.92781
TEST_1924,315.6523
TEST_1925,14.577942
TEST_1926,240.33194
TEST_1927,42.882843
TEST_1928,235.27626
TEST_1929,9.656387
TEST_1930,417.33868
TEST_1931,138.91284
TEST_1932,483.54587
TEST_1933,351.8587
TEST_1934,231.66232
TEST_1935,251.75436
TEST_1936,665.2595
TEST_1937,263.14734
TEST_1938,323.75317
TEST_1939,223.19543
TEST_1940,84.97388
TEST_1941,8.513363
TEST_1942,-12.684226
TEST_1943,59.942627
TEST_1944,1033.046
TEST_1945,251.31186
TEST_1946,27.459448
TEST_1947,177.22324
TEST_1948,425.45407
TEST_1949,77.10359
TEST_1950,328.33765
TEST_1951,222.0023
TEST_1952,74.70527
TEST_1953,199.87611
TEST_1954,104.16695
TEST_1955,113.04131
TEST_1956,759.1745
TEST_1957,106.74103
TEST_1958,846.03033
TEST_1959,112.998795
TEST_1960,76.469986
TEST_1961,922.7252
TEST_1962,126.3966
TEST_1963,180.79272
TEST_1964,48.109802
TEST_1965,93.00791
TEST_1966,18.333296
TEST_1967,371.01083
TEST_1968,263.5954
TEST_1969,125.58608
TEST_1970,143.71295
TEST_1971,-20.116781
TEST_1972,268.03073
TEST_1973,177.72192
TEST_1974,26.403997
TEST_1975,119.83784
TEST_1976,621.04987
TEST_1977,451.30905
TEST_1978,142.6694
TEST_1979,181.24051
TEST_1980,173.76765
TEST_1981,73.72553
TEST_1982,14.267927
TEST_1983,303.40808
TEST_1984,350.2236
TEST_1985,16.638979
TEST_1986,110.54592
TEST_1987,75.190125
TEST_1988,91.57278
TEST_1989,209.8549
TEST_1990,336.70035
TEST_1991,479.06924
TEST_1992,883.1777
TEST_1993,91.81386
TEST_1994,137.97577
TEST_1995,-2.8063865
TEST_1996,388.86636
TEST_1997,87.46328
TEST_1998,-27.0474
TEST_1999,27.838234
TEST_2000,57.17813
TEST_2001,164.50183
TEST_2002,406.3372
TEST_2003,-104.19652
TEST_2004,46.911953
TEST_2005,333.71268
TEST_2006,-16.398764
TEST_2007,404.5748
TEST_2008,640.65344
TEST_2009,426.49832
TEST_2010,28.216257
TEST_2011,185.03485
TEST_2012,508.23785
TEST_2013,598.5857
TEST_2014,229.9516
TEST_2015,135.78978
TEST_2016,430.16016
TEST_2017,263.80392
TEST_2018,26.20573
TEST_2019,516.62555
TEST_2020,86.53462
TEST_2021,60.434967
TEST_2022,117.58395
TEST_2023,14.803012
TEST_2024,530.14404
TEST_2025,374.17523
TEST_2026,109.78193
TEST_2027,172.03938
TEST_2028,126.128105
TEST_2029,322.2805
TEST_2030,168.33235
TEST_2031,-41.505833
TEST_2032,43.758858
TEST_2033,-17.21993
TEST_2034,166.04608
TEST_2035,203.5265
TEST_2036,293.77405
TEST_2037,109.118416
TEST_2038,86.342064
TEST_2039,561.07184
TEST_2040,93.99252
TEST_2041,-21.635778
TEST_2042,415.0404
TEST_2043,209.63976
TEST_2044,522.51483
TEST_2045,933.8623
TEST_2046,-245.42583
TEST_2047,18.373598
TEST_2048,44.276867
TEST_2049,177.2498
TEST_2050,23.484024
TEST_2051,21.612679
TEST_2052,278.38828
TEST_2053,17.395918
TEST_2054,426.03433
TEST_2055,429.40305
TEST_2056,23.020487
TEST_2057,337.75876
TEST_2058,111.00957
TEST_2059,215.86673
TEST_2060,296.2407
TEST_2061,388.678
TEST_2062,632.1413
TEST_2063,420.83267
TEST_2064,735.1624
TEST_2065,841.99805
TEST_2066,97.42046
TEST_2067,138.32652
TEST_2068,296.9996
TEST_2069,21.609203
TEST_2070,178.25858
TEST_2071,130.15038
TEST_2072,577.0282
TEST_2073,319.7336
TEST_2074,11.358599
TEST_2075,178.28787
TEST_2076,81.47244
TEST_2077,102.31014
TEST_2078,66.05385
TEST_2079,791.85114
TEST_2080,474.89926
TEST_2081,91.97842
TEST_2082,171.8786
TEST_2083,35.38165
TEST_2084,96.873474
TEST_2085,12.581617
TEST_2086,317.03653
TEST_2087,27.323626
TEST_2088,60.422028
TEST_2089,482.09302
TEST_2090,1082.9567
TEST_2091,90.97195
TEST_2092,523.6308
TEST_2093,416.43094
TEST_2094,208.39539
TEST_2095,55.717304
TEST_2096,558.53674
TEST_2097,470.98843
TEST_2098,132.19632
TEST_2099,400.48624
TEST_2100,159.5593
TEST_2101,655.6733
TEST_2102,582.4263
TEST_2103,-52.57077
TEST_2104,126.826065
TEST_2105,-20.254734
TEST_2106,37.09483
TEST_2107,0.08216038
TEST_2108,606.9026
TEST_2109,442.01324
TEST_2110,634.84247
TEST_2111,439.64917
TEST_2112,41.12867
TEST_2113,156.39989
TEST_2114,-69.558914
TEST_2115,87.48586
TEST_2116,-25.435225
TEST_2117,110.3875
TEST_2118,24.13183
TEST_2119,278.79993
TEST_2120,80.31576
TEST_2121,168.21794
TEST_2122,-10.901282
TEST_2123,78.38598
TEST_2124,312.3726
TEST_2125,77.61401
TEST_2126,223.9065
TEST_2127,180.5134
TEST_2128,299.2432
TEST_2129,33.2498
TEST_2130,94.54706
TEST_2131,594.2789
TEST_2132,138.36823
TEST_2133,224.83951
TEST_2134,84.73866
TEST_2135,26.467937
TEST_2136,143.19841
TEST_2137,97.09361
TEST_2138,1281.0109
TEST_2139,158.23355
TEST_2140,376.5837
TEST_2141,945.0837
TEST_2142,284.9275
TEST_2143,65.90232
TEST_2144,52.09191
TEST_2145,321.8224
TEST_2146,193.3281
TEST_2147,337.28723
TEST_2148,87.212006
TEST_2149,1148.9957
TEST_2150,37.55146
TEST_2151,294.78766
TEST_2152,18.343353
TEST_2153,89.19024
TEST_2154,45.5047
TEST_2155,76.49612
TEST_2156,-68.58344
TEST_2157,221.61201
TEST_2158,-39.742943
TEST_2159,1288.1335
TEST_2160,234.49901
TEST_2161,190.72693
TEST_2162,159.17744
TEST_2163,186.23183
TEST_2164,243.24158
TEST_2165,162.79858
TEST_2166,106.94232
TEST_2167,46.829914
TEST_2168,479.82874
TEST_2169,5.027524
TEST_2170,172.45198
TEST_2171,357.2264
TEST_2172,125.39696
TEST_2173,101.989876
TEST_2174,255.62115
TEST_2175,74.18021
TEST_2176,431.92834
TEST_2177,100.11871
TEST_2178,94.608116
TEST_2179,1059.7653
TEST_2180,49.435394
TEST_2181,282.0958
TEST_2182,127.27413
TEST_2183,489.62683
TEST_2184,30.571789
TEST_2185,428.34402
TEST_2186,74.186195
TEST_2187,136.67401
TEST_2188,452.57208
TEST_2189,60.857758
TEST_2190,5.241473
TEST_2191,108.98882
TEST_2192,151.76228
TEST_2193,206.7584
TEST_2194,126.37572
TEST_2195,790.8221
TEST_2196,66.95871
TEST_2197,37.532707
TEST_2198,-32.84461
TEST_2199,94.160835
TEST_2200,95.79153
TEST_2201,90.34877
TEST_2202,120.2384
TEST_2203,2281.6602
TEST_2204,571.52216
TEST_2205,154.78352
TEST_2206,163.69753
TEST_2207,-81.0198
TEST_2208,383.6558
TEST_2209,294.5574
TEST_2210,85.24812
TEST_2211,530.15424
TEST_2212,234.40654
TEST_2213,251.74304
TEST_2214,-43.692253
TEST_2215,45.777275
TEST_2216,-16.35023
TEST_2217,169.56552
TEST_2218,294.47644
TEST_2219,-5.4195294
TEST_2220,38.88712
TEST_2221,365.80566
TEST_2222,-39.017532
TEST_2223,198.66362
TEST_2224,64.38596
TEST_2225,117.733215
TEST_2226,602.4959
TEST_2227,-67.81779
TEST_2228,433.74902
TEST_2229,797.6704
TEST_2230,188.6371
TEST_2231,131.14508
TEST_2232,257.8948
TEST_2233,73.18479
TEST_2234,438.2345
TEST_2235,211.67146
TEST_2236,391.29846
TEST_2237,251.58128
TEST_2238,144.05284
TEST_2239,167.4294
TEST_2240,112.62751
TEST_2241,434.47055
TEST_2242,111.12195
TEST_2243,-105.270096
TEST_2244,98.20288
TEST_2245,3.6888065
TEST_2246,439.66034
TEST_2247,362.98566
TEST_2248,58.886414
TEST_2249,143.12021
TEST_2250,390.92004
TEST_2251,-71.52182
TEST_2252,367.36325
TEST_2253,12.675971
TEST_2254,364.88675
TEST_2255,249.36905
TEST_2256,702.1401
TEST_2257,154.90735
TEST_2258,291.38803
TEST_2259,365.16275
TEST_2260,136.78535
TEST_2261,562.3312
TEST_2262,406.1547
TEST_2263,143.69913
TEST_2264,134.37479
TEST_2265,1132.6193
TEST_2266,258.4067
TEST_2267,57.324314
TEST_2268,-13.400398
TEST_2269,84.67026
TEST_2270,297.03302
TEST_2271,633.67755
TEST_2272,43.447773
TEST_2273,27.511211
TEST_2274,55.509163
TEST_2275,18.569609
TEST_2276,-3.9225445
TEST_2277,503.5362
TEST_2278,63.493717
TEST_2279,24.634483
TEST_2280,-51.45833
TEST_2281,314.2559
TEST_2282,295.38535
TEST_2283,242.1046
TEST_2284,11.879859
TEST_2285,588.39557
TEST_2286,-7.989515
TEST_2287,25.4678
TEST_2288,26.90954
TEST_2289,141.8263
TEST_2290,183.05322
TEST_2291,472.8286
TEST_2292,279.10953
TEST_2293,36.384068
TEST_2294,610.55664
TEST_2295,738.41693
TEST_2296,281.18997
TEST_2297,319.78592
TEST_2298,44.495037
TEST_2299,-13.297731
TEST_2300,426.943
TEST_2301,262.51794
TEST_2302,412.5154
TEST_2303,26.940144
TEST_2304,1.1489819
TEST_2305,110.68278
TEST_2306,337.8635
TEST_2307,304.94058
TEST_2308,102.47325
TEST_2309,362.11652
TEST_2310,518.2824
TEST_2311,98.01922
TEST_2312,69.370544
TEST_2313,171.89378
TEST_2314,30.674805
TEST_2315,205.86798
TEST_2316,211.18459
TEST_2317,-72.046616
TEST_2318,15.107076
TEST_2319,219.10521
TEST_2320,278.56262
TEST_2321,263.60913
TEST_2322,430.1898
TEST_2323,129.13043
TEST_2324,504.488
TEST_2325,54.85617
TEST_2326,34.770924
TEST_2327,12.318148
TEST_2328,328.90277
TEST_2329,2307.968
TEST_2330,411.2571
TEST_2331,155.57542
TEST_2332,59.987988
TEST_2333,356.59058
TEST_2334,57.137405
TEST_2335,91.04764
TEST_2336,647.37054
TEST_2337,351.27814
TEST_2338,369.0829
TEST_2339,208.12996
TEST_2340,29.61565
TEST_2341,18.438992
TEST_2342,101.48739
TEST_2343,17.410355
TEST_2344,1014.3223
TEST_2345,12.558903
TEST_2346,80.130775
TEST_2347,578.7185
TEST_2348,102.94661
TEST_2349,-7.5024424
TEST_2350,836.1271
TEST_2351,199.75298
TEST_2352,335.20306
TEST_2353,335.938
TEST_2354,14.092188
TEST_2355,161.54614
TEST_2356,441.89395
TEST_2357,180.46674
TEST_2358,116.53845
TEST_2359,381.09772
TEST_2360,320.28253
TEST_2361,-4.5410485
TEST_2362,212.58774
TEST_2363,45.59831
TEST_2364,406.46478
TEST_2365,298.90695
TEST_2366,704.7765
TEST_2367,210.98308
TEST_2368,131.80312
TEST_2369,660.03143
TEST_2370,40.702515
TEST_2371,2.9793382
TEST_2372,1241.59
TEST_2373,388.33966
TEST_2374,316.4403
TEST_2375,-4.5160885
TEST_2376,307.1561
TEST_2377,727.3572
TEST_2378,179.77136
TEST_2379,83.94775
TEST_2380,168.49808
TEST_2381,175.23216
TEST_2382,164.07721
TEST_2383,434.33813
TEST_2384,114.63415
TEST_2385,48.611816
TEST_2386,488.26648
TEST_2387,148.3656
TEST_2388,522.95447
TEST_2389,390.1443
TEST_2390,174.14946
TEST_2391,-28.751413
TEST_2392,626.6314
TEST_2393,306.4185
TEST_2394,240.29239
TEST_2395,87.90882
TEST_2396,279.7654
TEST_2397,286.61804
TEST_2398,244.77786
TEST_2399,569.06604
TEST_2400,146.83049
TEST_2401,-24.977598
TEST_2402,313.06537
TEST_2403,-12.781551
TEST_2404,168.66205
TEST_2405,846.31396
TEST_2406,-60.920414
TEST_2407,969.7097
TEST_2408,323.04523
TEST_2409,27.86362
TEST_2410,147.0296
TEST_2411,-3.521356
TEST_2412,404.17307
TEST_2413,16.261393
TEST_2414,74.203476
TEST_2415,56.32341
TEST_2416,943.1855
TEST_2417,327.34955
TEST_2418,328.10086
TEST_2419,-7.1501327
TEST_2420,855.6114
TEST_2421,352.52518
TEST_2422,28.391485
TEST_2423,368.47394
TEST_2424,315.17307
TEST_2425,67.23336
TEST_2426,8.019522
TEST_2427,196.97876
TEST_2428,2.1110835
TEST_2429,39.123383
TEST_2430,422.57516
TEST_2431,43.241337
TEST_2432,1097.8256
TEST_2433,2.2563348
TEST_2434,496.61105
TEST_2435,397.97845
TEST_2436,1804.1844
TEST_2437,377.61475
TEST_2438,83.00469
TEST_2439,698.1098
TEST_2440,604.7638
TEST_2441,-12.686305
TEST_2442,59.623478
TEST_2443,171.4011
TEST_2444,281.90338
TEST_2445,57.02939
TEST_2446,-45.87717
TEST_2447,72.24879
TEST_2448,55.309418
TEST_2449,227.90916
TEST_2450,63.982536
TEST_2451,55.985863
TEST_2452,257.93094
TEST_2453,-5.502498
TEST_2454,27.991896
TEST_2455,14.828048
TEST_2456,96.74067
TEST_2457,26.549353
TEST_2458,150.3076
TEST_2459,256.93054
TEST_2460,456.54126
TEST_2461,10.84175
TEST_2462,19.95146
TEST_2463,424.78754
TEST_2464,135.56023
TEST_2465,332.16833
TEST_2466,505.09125
TEST_2467,26.798588
TEST_2468,142.39763
TEST_2469,126.790245
TEST_2470,260.0848
TEST_2471,526.2772
TEST_2472,258.87857
TEST_2473,532.19495
TEST_2474,632.4285
TEST_2475,344.71863
TEST_2476,1894.7462
TEST_2477,225.3661
TEST_2478,0.3324973
TEST_2479,130.62337
TEST_2480,157.05841
TEST_2481,118.20523
TEST_2482,464.52408
TEST_2483,53.824806
TEST_2484,66.66862
TEST_2485,-1.3715752
TEST_2486,628.22424
TEST_2487,222.22177
TEST_2488,200.80249
TEST_2489,0.18950915
TEST_2490,779.961
TEST_2491,198.18974
TEST_2492,-5.8264794
TEST_2493,31.098837
TEST_2494,306.0742
TEST_2495,480.942
TEST_2496,692.5367
TEST_2497,68.423996
TEST_2498,325.13776
TEST_2499,384.46228
TEST_2500,59.07773
TEST_2501,177.61308
TEST_2502,-37.661892
TEST_2503,419.37228
TEST_2504,596.3657
TEST_2505,-20.114182
TEST_2506,354.2391
TEST_2507,73.14537
TEST_2508,54.484787
TEST_2509,155.5138
TEST_2510,492.7774
TEST_2511,46.227936
TEST_2512,158.59477
TEST_2513,238.63855
TEST_2514,579.25684
TEST_2515,167.0789
TEST_2516,37.810497
TEST_2517,192.13329
TEST_2518,71.060684
TEST_2519,32.01987
TEST_2520,506.12314
TEST_2521,27.593643
TEST_2522,154.67473
TEST_2523,233.76216
TEST_2524,268.4678
TEST_2525,43.676323
TEST_2526,403.13998
TEST_2527,436.6737
TEST_2528,619.03094
TEST_2529,67.19561
TEST_2530,414.7086
TEST_2531,522.7534
TEST_2532,641.7358
TEST_2533,16.858013
TEST_2534,118.98378
TEST_2535,47.867752
TEST_2536,43.3631
TEST_2537,54.236446
TEST_2538,855.2746
TEST_2539,137.32133
TEST_2540,571.84357
TEST_2541,196.14792
TEST_2542,107.10104
TEST_2543,164.63922
TEST_2544,238.75056
TEST_2545,440.46912
TEST_2546,195.6998
TEST_2547,53.8809
TEST_2548,762.515
TEST_2549,93.5791
TEST_2550,131.54576
TEST_2551,274.16666
TEST_2552,84.23663
TEST_2553,385.32367
TEST_2554,71.83982
TEST_2555,341.32822
TEST_2556,60.266396
TEST_2557,84.60228
TEST_2558,715.13806
TEST_2559,22.623667
TEST_2560,45.0048
TEST_2561,-28.995956
TEST_2562,2090.5935
TEST_2563,116.88958
TEST_2564,457.62244
TEST_2565,104.131744
TEST_2566,13.985968
TEST_2567,415.37375
TEST_2568,-6.0834923
TEST_2569,24.28931
TEST_2570,159.37668
TEST_2571,475.39008
TEST_2572,14.69124
TEST_2573,704.0892
TEST_2574,673.025
TEST_2575,439.53674
TEST_2576,389.03027
TEST_2577,182.42812
TEST_2578,-20.378956
TEST_2579,510.61374
TEST_2580,-49.675472
TEST_2581,-8.590906
TEST_2582,311.92328
TEST_2583,25.892303
TEST_2584,50.447018
TEST_2585,174.5589
TEST_2586,99.96014
TEST_2587,374.11786
TEST_2588,95.70258
TEST_2589,473.7717
TEST_2590,99.87939
TEST_2591,103.37231
TEST_2592,131.28065
TEST_2593,306.10782
TEST_2594,291.81268
TEST_2595,68.91141
TEST_2596,180.03453
TEST_2597,665.94226
TEST_2598,88.28765
TEST_2599,1341.3529
TEST_2600,528.4291
TEST_2601,84.46123
TEST_2602,100.72986
TEST_2603,454.34787
TEST_2604,915.45874
TEST_2605,68.43574
TEST_2606,77.68613
TEST_2607,82.621
TEST_2608,5.1840787
TEST_2609,294.5746
TEST_2610,57.60896
TEST_2611,-15.067125
TEST_2612,-10.354526
TEST_2613,100.242584
TEST_2614,345.19897
TEST_2615,46.816536
TEST_2616,107.5666
TEST_2617,29.21859
TEST_2618,140.50041
TEST_2619,103.03755
TEST_2620,742.1824
TEST_2621,108.87181
TEST_2622,102.22001
TEST_2623,113.23231
TEST_2624,419.29788
TEST_2625,1324.7311
TEST_2626,1819.3716
TEST_2627,220.30089
TEST_2628,61.332973
TEST_2629,-119.26974
TEST_2630,-2.251814
TEST_2631,195.00816
TEST_2632,30.652555
TEST_2633,323.55283
TEST_2634,475.57254
TEST_2635,1919.1672
TEST_2636,452.02945
TEST_2637,436.37946
TEST_2638,194.05894
TEST_2639,100.35619
TEST_2640,85.51592
TEST_2641,149.93544
TEST_2642,655.1142
TEST_2643,418.82443
TEST_2644,42.041443
TEST_2645,210.42146
TEST_2646,3.9993129
TEST_2647,399.5463
TEST_2648,406.57526
TEST_2649,453.37256
TEST_2650,238.77861
TEST_2651,167.24132
TEST_2652,808.87805
TEST_2653,480.83316
TEST_2654,36.69125
TEST_2655,256.67963
TEST_2656,242.97697
TEST_2657,425.04688
TEST_2658,458.39578
TEST_2659,236.28789
TEST_2660,310.36816
TEST_2661,285.42422
TEST_2662,104.59722
TEST_2663,54.23271
TEST_2664,188.19356
TEST_2665,180.45882
TEST_2666,-6.7240453
TEST_2667,161.25119
TEST_2668,575.8799
TEST_2669,78.535065
TEST_2670,219.28671
TEST_2671,334.2757
TEST_2672,86.007866
TEST_2673,287.7624
TEST_2674,130.01497
TEST_2675,454.18747
TEST_2676,-85.65239
TEST_2677,64.72862
TEST_2678,0.98334014
TEST_2679,345.6753
TEST_2680,1983.0592
TEST_2681,-43.976845
TEST_2682,69.15995
TEST_2683,21.613152
TEST_2684,60.03025
TEST_2685,243.04576
TEST_2686,213.96585
TEST_2687,-22.138258
TEST_2688,146.83401
TEST_2689,285.88943
TEST_2690,76.40372
TEST_2691,219.88664
TEST_2692,142.9482
TEST_2693,-16.679329
TEST_2694,263.53983
TEST_2695,791.3833
TEST_2696,455.57202
TEST_2697,44.485237
TEST_2698,-126.79987
TEST_2699,1262.6731
TEST_2700,182.80688
TEST_2701,48.23557
TEST_2702,188.96606
TEST_2703,360.93094
TEST_2704,56.23289
TEST_2705,235.13588
TEST_2706,195.10622
TEST_2707,378.0941
TEST_2708,628.7736
TEST_2709,285.33844
TEST_2710,229.05688
TEST_2711,137.15172
TEST_2712,442.1473
TEST_2713,-23.518745
TEST_2714,17.201553
TEST_2715,179.9762
TEST_2716,189.19585
TEST_2717,498.5093
TEST_2718,79.192986
TEST_2719,4.668003
TEST_2720,235.13985
TEST_2721,173.86798
TEST_2722,341.35883
TEST_2723,277.1605
TEST_2724,376.441
TEST_2725,11.293805
TEST_2726,-16.280348
TEST_2727,166.64812
TEST_2728,121.71285
TEST_2729,-16.161848
TEST_2730,41.530483
TEST_2731,257.42316
TEST_2732,329.61862
TEST_2733,510.73154
TEST_2734,12.102433
TEST_2735,299.07504
TEST_2736,97.577545
TEST_2737,311.6198
TEST_2738,409.16824
TEST_2739,39.61768
TEST_2740,425.35663
TEST_2741,680.3418
TEST_2742,752.2238
TEST_2743,383.85773
TEST_2744,132.73935
TEST_2745,84.267105
TEST_2746,134.33568
TEST_2747,465.44003
TEST_2748,83.43489
TEST_2749,40.145714
TEST_2750,54.565594
TEST_2751,39.200153
TEST_2752,455.3584
TEST_2753,853.91864
TEST_2754,22.46046
TEST_2755,130.3041
TEST_2756,70.30842
TEST_2757,790.5248
TEST_2758,246.0878
TEST_2759,1160.1858
TEST_2760,356.78378
TEST_2761,141.3528
TEST_2762,32.7956
TEST_2763,340.48853
TEST_2764,23.759071
TEST_2765,986.1715
TEST_2766,241.92494
TEST_2767,294.59378
TEST_2768,86.44841
TEST_2769,282.0078
TEST_2770,153.42238
TEST_2771,182.29413
TEST_2772,373.93158
TEST_2773,-7.5726786
TEST_2774,359.9217
TEST_2775,281.80225
TEST_2776,393.65253
TEST_2777,34.905598
TEST_2778,1006.65015
TEST_2779,52.906456
TEST_2780,233.56503
TEST_2781,1132.5691
TEST_2782,396.38608
TEST_2783,70.132324
TEST_2784,155.34395
TEST_2785,294.148
TEST_2786,48.658417
TEST_2787,93.67641
TEST_2788,276.69757
TEST_2789,70.27252
TEST_2790,334.85083
TEST_2791,316.9396
TEST_2792,418.05212
TEST_2793,102.884865
TEST_2794,12.919653
TEST_2795,605.34015
TEST_2796,228.69743
TEST_2797,510.20486
TEST_2798,80.37581
TEST_2799,123.74156
TEST_2800,239.91515
TEST_2801,259.82755
TEST_2802,39.588974
TEST_2803,340.3659
TEST_2804,35.545986
TEST_2805,80.34514
TEST_2806,114.86699
TEST_2807,288.86514
TEST_2808,152.33133
TEST_2809,120.42466
TEST_2810,248.81834
TEST_2811,404.61166
TEST_2812,27.331402
TEST_2813,188.88069
TEST_2814,263.23123
TEST_2815,256.8836
TEST_2816,120.740005
TEST_2817,62.87606
TEST_2818,81.1177
TEST_2819,40.872322
TEST_2820,4.0801716
TEST_2821,209.10464
TEST_2822,385.2835
TEST_2823,15.167875
TEST_2824,288.13425
TEST_2825,760.1286
TEST_2826,597.1156
TEST_2827,1195.9866
TEST_2828,227.67586
TEST_2829,971.1976
TEST_2830,70.88509
TEST_2831,206.59543
TEST_2832,178.15666
TEST_2833,9.302076
TEST_2834,201.34378
TEST_2835,108.33556
TEST_2836,400.04425
TEST_2837,-210.02908
TEST_2838,446.14264
TEST_2839,194.90685
TEST_2840,375.60962
TEST_2841,206.91997
TEST_2842,1004.0173
TEST_2843,128.9448
TEST_2844,422.99942
TEST_2845,108.463036
TEST_2846,409.46005
TEST_2847,440.7282
TEST_2848,117.781815
TEST_2849,455.78818
TEST_2850,20.108952
TEST_2851,343.67413
TEST_2852,168.49095
TEST_2853,213.6816
TEST_2854,11.801936
TEST_2855,108.8872
TEST_2856,804.68774
TEST_2857,251.02425
TEST_2858,276.29837
TEST_2859,258.0794
TEST_2860,183.23961
TEST_2861,678.40515
TEST_2862,21.992853
TEST_2863,646.8719
TEST_2864,89.9178
TEST_2865,29.595028
TEST_2866,173.47345
TEST_2867,289.1765
TEST_2868,147.90436
TEST_2869,152.15627
TEST_2870,-96.13028
TEST_2871,275.11157
TEST_2872,251.75436
TEST_2873,789.71094
TEST_2874,890.7653
TEST_2875,46.847095
TEST_2876,121.74965
TEST_2877,1412.1381
TEST_2878,401.284
TEST_2879,-13.531621
TEST_2880,422.46118
TEST_2881,63.92521
TEST_2882,284.14053
TEST_2883,125.07531
TEST_2884,92.88104
TEST_2885,311.05786
TEST_2886,467.8588
TEST_2887,405.44727
TEST_2888,218.40054
TEST_2889,42.31793
TEST_2890,742.65894
TEST_2891,272.1529
TEST_2892,176.95374
TEST_2893,453.35883
TEST_2894,231.41852
TEST_2895,734.7251
TEST_2896,130.86406
TEST_2897,227.56421
TEST_2898,212.14787
TEST_2899,93.64423
TEST_2900,263.40573
TEST_2901,359.83945
TEST_2902,13.901867
TEST_2903,197.42822
TEST_2904,351.46484
TEST_2905,80.26432
TEST_2906,1444.6091
TEST_2907,333.9974
TEST_2908,-50.945976
TEST_2909,42.829407
TEST_2910,773.4676
TEST_2911,399.6077
TEST_2912,104.43954
TEST_2913,26.827896
TEST_2914,991.04663
TEST_2915,222.95729
TEST_2916,758.8817
TEST_2917,-5.383232
TEST_2918,251.15764
TEST_2919,69.696846
TEST_2920,135.39656
TEST_2921,98.02379
TEST_2922,380.3577
TEST_2923,545.2792
TEST_2924,-36.358463
TEST_2925,284.13538
TEST_2926,318.63113
TEST_2927,96.48453
TEST_2928,194.80034
TEST_2929,254.65446
TEST_2930,202.06761
TEST_2931,87.184525
TEST_2932,236.90627
TEST_2933,167.66782
TEST_2934,91.95397
TEST_2935,746.5838
TEST_2936,-8.27381
TEST_2937,119.00553
TEST_2938,5.2556806
TEST_2939,256.69022
TEST_2940,20.648964
TEST_2941,356.40982
TEST_2942,651.7452
TEST_2943,539.084
TEST_2944,373.91562
TEST_2945,401.40634
TEST_2946,159.22725
TEST_2947,431.36728
TEST_2948,523.4521
TEST_2949,253.58224
TEST_2950,191.4889
TEST_2951,1078.2482
TEST_2952,306.19305
TEST_2953,60.72157
TEST_2954,77.20689
TEST_2955,811.6031
TEST_2956,699.0498
TEST_2957,342.53183
TEST_2958,276.00986
TEST_2959,998.0035
TEST_2960,974.33295
TEST_2961,75.39811
TEST_2962,344.20557
TEST_2963,1137.1293
TEST_2964,202.60501
TEST_2965,383.48962
TEST_2966,5.6590023
TEST_2967,20.319897
TEST_2968,846.7648
TEST_2969,112.9146
TEST_2970,117.81878
TEST_2971,1096.4672
TEST_2972,610.89105
TEST_2973,194.12625
TEST_2974,9.338861
TEST_2975,110.691475
TEST_2976,716.529
TEST_2977,23.54643
TEST_2978,838.51306
TEST_2979,100.34817
TEST_2980,308.5603
TEST_2981,136.43562
TEST_2982,989.54614
TEST_2983,136.04942
TEST_2984,1536.8674
TEST_2985,132.1109
TEST_2986,153.18721
TEST_2987,383.77658
TEST_2988,51.27759
TEST_2989,426.042
TEST_2990,62.820107
TEST_2991,1033.9341
TEST_2992,389.02933
TEST_2993,60.554066
TEST_2994,63.535446
TEST_2995,194.3511
TEST_2996,118.9024
TEST_2997,327.46085
TEST_2998,1203.6198
TEST_2999,98.29186
TEST_3000,-7.016788
TEST_3001,373.13553
TEST_3002,264.38956
TEST_3003,23.516333
TEST_3004,1068.4363
TEST_3005,32.37945
TEST_3006,32.481712
TEST_3007,-102.20015
TEST_3008,27.53698
TEST_3009,485.75623
TEST_3010,604.50073
TEST_3011,-8.515013
TEST_3012,313.3583
TEST_3013,86.15558
TEST_3014,1421.2399
TEST_3015,263.55878
TEST_3016,26.290892
TEST_3017,824.502
TEST_3018,108.31488
TEST_3019,135.99387
TEST_3020,990.2233
TEST_3021,98.576836
TEST_3022,-25.273493
TEST_3023,280.4279
TEST_3024,228.80296
TEST_3025,153.8738
TEST_3026,372.3817
TEST_3027,241.84727
TEST_3028,18.554113
TEST_3029,248.32355
TEST_3030,191.89842
TEST_3031,48.89843
TEST_3032,394.11417
TEST_3033,405.3169
TEST_3034,155.19016
TEST_3035,37.826168
TEST_3036,252.46231
TEST_3037,30.418854
TEST_3038,54.107048
TEST_3039,280.83627
TEST_3040,50.671986
TEST_3041,138.63884
TEST_3042,14.50443
TEST_3043,93.43611
TEST_3044,385.89508
TEST_3045,117.72761
TEST_3046,285.1582
TEST_3047,714.97943
TEST_3048,86.72627
TEST_3049,123.53388
TEST_3050,103.16354
TEST_3051,40.114994
TEST_3052,-5.2700295
TEST_3053,553.7165
TEST_3054,1282.5743
TEST_3055,548.3468
TEST_3056,150.44437
TEST_3057,520.1494
TEST_3058,312.2667
TEST_3059,30.473051
TEST_3060,73.81103
TEST_3061,396.98218
TEST_3062,213.25117
TEST_3063,101.77489
TEST_3064,82.83986
TEST_3065,323.20157
TEST_3066,506.2998
TEST_3067,84.24022
TEST_3068,105.96641
TEST_3069,68.516815
TEST_3070,567.4051
TEST_3071,262.5742
TEST_3072,233.73756
TEST_3073,282.26138
TEST_3074,-2.530004
TEST_3075,83.25651
TEST_3076,-126.53927
TEST_3077,556.3997
TEST_3078,74.73626
TEST_3079,15.692885
TEST_3080,218.32553
TEST_3081,-17.43088
TEST_3082,293.77124
TEST_3083,155.47188
TEST_3084,567.1093
TEST_3085,1081.3088
TEST_3086,650.8818
TEST_3087,-12.169765
TEST_3088,166.23836
TEST_3089,21.062447
TEST_3090,591.5857
TEST_3091,30.888538
TEST_3092,245.95238
TEST_3093,735.9801
TEST_3094,1065.4949
TEST_3095,145.24586
TEST_3096,442.74374
TEST_3097,43.952248
TEST_3098,943.59515
TEST_3099,188.05931
TEST_3100,76.780205
TEST_3101,-64.879776
TEST_3102,75.70434
TEST_3103,139.58159
TEST_3104,-21.172348
TEST_3105,380.32623
TEST_3106,54.68093
TEST_3107,-14.354346
TEST_3108,38.372707
TEST_3109,338.85605
TEST_3110,225.0872
TEST_3111,69.15073
TEST_3112,39.694374
TEST_3113,345.36026
TEST_3114,385.6967
TEST_3115,719.88885
TEST_3116,250.61295
TEST_3117,128.00266
TEST_3118,362.19604
TEST_3119,58.203495
TEST_3120,462.824
TEST_3121,33.37453
TEST_3122,-12.96951
TEST_3123,335.98264
TEST_3124,642.6326
TEST_3125,-109.629196
TEST_3126,330.63156
TEST_3127,22.438189
TEST_3128,31.584332
TEST_3129,19.290419
TEST_3130,235.26527
TEST_3131,287.64087
TEST_3132,115.36017
TEST_3133,189.42087
TEST_3134,34.58241
TEST_3135,94.879
TEST_3136,407.1885
TEST_3137,338.29538
TEST_3138,280.88525
TEST_3139,142.8747
TEST_3140,43.268883
TEST_3141,-78.382515
TEST_3142,320.25552
TEST_3143,204.12967
TEST_3144,-34.56023
TEST_3145,1309.9805
TEST_3146,276.19113
TEST_3147,364.20532
TEST_3148,371.76706
TEST_3149,72.230774
TEST_3150,-82.773865
TEST_3151,67.36217
TEST_3152,123.317795
TEST_3153,147.31902
TEST_3154,335.24207
TEST_3155,-0.4012602
TEST_3156,-1.2880442
TEST_3157,52.209114
TEST_3158,209.95863
TEST_3159,152.38783
TEST_3160,645.6723
TEST_3161,239.81491
TEST_3162,83.56751
TEST_3163,29.65467
TEST_3164,336.58725
TEST_3165,726.6659
TEST_3166,154.2468
TEST_3167,306.74432
TEST_3168,73.99244
TEST_3169,334.34332
TEST_3170,164.19225
TEST_3171,135.27063
TEST_3172,287.49362
TEST_3173,988.1713
TEST_3174,105.687164
TEST_3175,195.96085
TEST_3176,348.89822
TEST_3177,227.2841
TEST_3178,690.0902
TEST_3179,3.853448
TEST_3180,227.07164
TEST_3181,736.3459
TEST_3182,1222.5844
TEST_3183,73.22208
TEST_3184,41.392326
TEST_3185,31.034472
TEST_3186,-59.311455
TEST_3187,41.956482
TEST_3188,112.48961
TEST_3189,733.28156
TEST_3190,547.7654
TEST_3191,84.655754
TEST_3192,22.596561
TEST_3193,213.3517
TEST_3194,390.22876
TEST_3195,311.7317
TEST_3196,194.33008
TEST_3197,334.30637
TEST_3198,430.6575
TEST_3199,815.7547
TEST_3200,71.22326
TEST_3201,478.18494
TEST_3202,324.9788
TEST_3203,49.536182
TEST_3204,100.15145
TEST_3205,160.02254
TEST_3206,30.601494
TEST_3207,135.72975
TEST_3208,137.74625
TEST_3209,25.609575
TEST_3210,-32.434544
TEST_3211,266.60367
TEST_3212,37.63062
TEST_3213,1022.1806
TEST_3214,63.19494
TEST_3215,380.64285
TEST_3216,78.36817
TEST_3217,95.410706
TEST_3218,87.47512
TEST_3219,91.37649
TEST_3220,84.50028
TEST_3221,294.6913
TEST_3222,90.98921
TEST_3223,609.0948
TEST_3224,528.62897
TEST_3225,410.30676
TEST_3226,141.19788
TEST_3227,522.6315
TEST_3228,722.7733
TEST_3229,26.597265
TEST_3230,160.3458
TEST_3231,611.14105
TEST_3232,-2.2683215
TEST_3233,17.950438
TEST_3234,38.576065
TEST_3235,206.86964
TEST_3236,-39.77237
TEST_3237,517.1409
TEST_3238,225.8418
TEST_3239,1021.0299
TEST_3240,280.64462
TEST_3241,505.6305
TEST_3242,508.42325
TEST_3243,34.626755
TEST_3244,282.39798
TEST_3245,886.69147
TEST_3246,6.5690536
TEST_3247,343.38196
TEST_3248,510.61798
TEST_3249,236.8116
TEST_3250,-5.241096
TEST_3251,544.416
TEST_3252,97.598045
TEST_3253,112.15937
TEST_3254,-4.223901
TEST_3255,99.62648
TEST_3256,410.17743
TEST_3257,155.80849
TEST_3258,53.985367
TEST_3259,384.66306
TEST_3260,-85.451454
TEST_3261,281.09836
TEST_3262,216.39095
TEST_3263,199.35909
TEST_3264,1236.1665
TEST_3265,23.030317
TEST_3266,23.235111
TEST_3267,-41.310875
TEST_3268,183.09558
TEST_3269,1167.1453
TEST_3270,871.64764
TEST_3271,-8.418531
TEST_3272,409.26773
TEST_3273,174.50256
TEST_3274,-82.738365
TEST_3275,366.0811
TEST_3276,316.93863
TEST_3277,337.43445
TEST_3278,842.6409
TEST_3279,82.18924
TEST_3280,28.123201
TEST_3281,85.39235
TEST_3282,68.65511
TEST_3283,137.73196
TEST_3284,22.05332
TEST_3285,1697.6506
TEST_3286,455.741
TEST_3287,-24.388828
TEST_3288,446.41476
TEST_3289,35.489647
TEST_3290,180.89368
TEST_3291,349.71368
TEST_3292,41.54897
TEST_3293,533.0729
TEST_3294,28.812458
TEST_3295,73.46077
TEST_3296,676.8842
TEST_3297,617.7903
TEST_3298,584.46063
TEST_3299,917.30664
TEST_3300,176.34814
TEST_3301,476.19287
TEST_3302,119.45243
TEST_3303,296.97714
TEST_3304,71.812836
TEST_3305,349.62067
TEST_3306,431.1689
TEST_3307,304.23676
TEST_3308,167.36758
TEST_3309,122.85619
TEST_3310,218.05867
TEST_3311,138.94023
TEST_3312,237.0654
TEST_3313,88.831604
TEST_3314,378.98233
TEST_3315,58.742405
TEST_3316,-121.09206
TEST_3317,290.0989
TEST_3318,345.1836
TEST_3319,269.99216
TEST_3320,1148.424
TEST_3321,10.766408
TEST_3322,234.75603
TEST_3323,170.71655
TEST_3324,28.152845
TEST_3325,63.105595
TEST_3326,113.16315
TEST_3327,534.06036
TEST_3328,116.24812
TEST_3329,393.27533
TEST_3330,79.59269
TEST_3331,419.0494
TEST_3332,154.11705
TEST_3333,54.232704
TEST_3334,84.166626
TEST_3335,202.83302
TEST_3336,290.22263
TEST_3337,161.41292
TEST_3338,453.68228
TEST_3339,76.06946
TEST_3340,722.1318
TEST_3341,413.82675
TEST_3342,734.9035
TEST_3343,71.38049
TEST_3344,258.4573
TEST_3345,131.65254
TEST_3346,57.34319
TEST_3347,281.06616
TEST_3348,-21.708202
TEST_3349,62.061993
TEST_3350,91.65923
TEST_3351,-31.102716
TEST_3352,276.16898
TEST_3353,139.52457
TEST_3354,149.76251
TEST_3355,40.565983
TEST_3356,724.3173
TEST_3357,53.461033
TEST_3358,322.1108
TEST_3359,40.38851
TEST_3360,426.2096
TEST_3361,225.68622
TEST_3362,516.43915
TEST_3363,10.81238
TEST_3364,85.987946
TEST_3365,268.52142
TEST_3366,-58.297928
TEST_3367,89.47509
TEST_3368,162.637
TEST_3369,216.09422
TEST_3370,97.97534
TEST_3371,210.80289
TEST_3372,287.9523
TEST_3373,368.64352
TEST_3374,220.71483
TEST_3375,47.82129
TEST_3376,100.92656
TEST_3377,1373.5653
TEST_3378,873.7002
TEST_3379,230.72505
TEST_3380,-39.552013
TEST_3381,30.57567
TEST_3382,40.237343
TEST_3383,41.68251
TEST_3384,448.83014
TEST_3385,735.92645
TEST_3386,103.08848
TEST_3387,202.64348
TEST_3388,180.64986
TEST_3389,90.82127
TEST_3390,43.50497
TEST_3391,113.23534
TEST_3392,41.07182
TEST_3393,16.532524
TEST_3394,384.05353
TEST_3395,98.09457
TEST_3396,333.74652
TEST_3397,275.48993
TEST_3398,12.755673
TEST_3399,204.34021
TEST_3400,144.84814
TEST_3401,188.39684
TEST_3402,194.69394
TEST_3403,78.20691
TEST_3404,44.189728
TEST_3405,339.70132
TEST_3406,401.10895
TEST_3407,377.95
TEST_3408,74.67808
TEST_3409,119.59087
TEST_3410,14.697842
TEST_3411,415.95407
TEST_3412,-11.938051
TEST_3413,24.824268
TEST_3414,31.015894
TEST_3415,222.1928
TEST_3416,224.59006
TEST_3417,375.6042
TEST_3418,439.33606
TEST_3419,102.424934
TEST_3420,76.88851
TEST_3421,38.241005
TEST_3422,374.3029
TEST_3423,26.926722
TEST_3424,58.61178
TEST_3425,142.85446
TEST_3426,213.67921
TEST_3427,-2.9387488
TEST_3428,74.00287
TEST_3429,530.07495
TEST_3430,30.41733
TEST_3431,255.949
TEST_3432,157.12543
TEST_3433,690.7055
TEST_3434,1128.3895
TEST_3435,197.65585
TEST_3436,116.71056
TEST_3437,-33.937935
TEST_3438,107.42544
TEST_3439,224.76149
TEST_3440,248.10196
TEST_3441,216.5163
TEST_3442,1960.5925
TEST_3443,105.770836
TEST_3444,57.492428
TEST_3445,112.941795
TEST_3446,132.40683
TEST_3447,63.141575
TEST_3448,173.51228
TEST_3449,78.55763
TEST_3450,32.79082
TEST_3451,502.24518
TEST_3452,77.187126
TEST_3453,27.095558
TEST_3454,346.1197
TEST_3455,44.71029
TEST_3456,84.33039
TEST_3457,395.81516
TEST_3458,286.5852
TEST_3459,125.634315
TEST_3460,17.841093
TEST_3461,427.20578
TEST_3462,106.94529
TEST_3463,165.39694
TEST_3464,319.9696
TEST_3465,154.81987
TEST_3466,119.13379
TEST_3467,22.47015
TEST_3468,223.74843
TEST_3469,-71.18143
TEST_3470,130.46454
TEST_3471,275.90488
TEST_3472,280.81174
TEST_3473,152.38551
TEST_3474,-22.099924
TEST_3475,338.25812
TEST_3476,192.71332
TEST_3477,309.1182
TEST_3478,-52.14631
TEST_3479,342.9512
TEST_3480,84.90488
TEST_3481,3.2700796
TEST_3482,-62.95137
TEST_3483,639.7982
TEST_3484,618.7611
TEST_3485,93.93434
TEST_3486,49.02573
TEST_3487,259.0704
TEST_3488,915.6658
TEST_3489,58.869392
TEST_3490,46.44422
TEST_3491,314.923
TEST_3492,466.79654
TEST_3493,285.95563
TEST_3494,103.10314
TEST_3495,699.7351
TEST_3496,145.48286
TEST_3497,98.921585
TEST_3498,642.30597
TEST_3499,104.17655
TEST_3500,-30.286005
TEST_3501,928.45734
TEST_3502,271.59525
TEST_3503,961.9888
TEST_3504,397.27
TEST_3505,39.306522
TEST_3506,76.99999
TEST_3507,45.020306
TEST_3508,483.62827
TEST_3509,493.69775
TEST_3510,211.34302
TEST_3511,85.301186
TEST_3512,44.150345
TEST_3513,-17.021116
TEST_3514,131.81964
TEST_3515,246.95863
TEST_3516,225.39137
TEST_3517,25.882502
TEST_3518,420.47165
TEST_3519,23.536129
TEST_3520,164.18748
TEST_3521,774.7783
TEST_3522,41.98286
TEST_3523,418.4873
TEST_3524,154.46257
TEST_3525,92.55563
TEST_3526,149.85687
TEST_3527,17.1974
TEST_3528,374.96344
TEST_3529,-8.823448
TEST_3530,42.692074
TEST_3531,485.03552
TEST_3532,307.33807
TEST_3533,343.35715
TEST_3534,67.04849
TEST_3535,41.51602
TEST_3536,51.1347
TEST_3537,52.964806
TEST_3538,300.31342
TEST_3539,796.1729
TEST_3540,-37.398464
TEST_3541,401.76254
TEST_3542,523.77246
TEST_3543,132.04396
TEST_3544,54.933567
TEST_3545,1627.8723
TEST_3546,44.17829
TEST_3547,239.94687
TEST_3548,189.33385
TEST_3549,-17.070415
TEST_3550,-147.34045
TEST_3551,90.31397
TEST_3552,258.86954
TEST_3553,484.56848
TEST_3554,158.78882
TEST_3555,119.80303
TEST_3556,95.7419
TEST_3557,85.627266
TEST_3558,279.36487
TEST_3559,224.07547
TEST_3560,18.522438
TEST_3561,214.27643
TEST_3562,69.38676
TEST_3563,85.249565
TEST_3564,278.22424
TEST_3565,16.589163
TEST_3566,-11.487573
TEST_3567,405.15027
TEST_3568,1895.0332
TEST_3569,442.36584
TEST_3570,557.13965
TEST_3571,4.3265524
TEST_3572,197.74467
TEST_3573,57.257847
TEST_3574,193.19106
TEST_3575,311.79398
TEST_3576,459.95535
TEST_3577,266.91068
TEST_3578,53.15369
TEST_3579,346.7352
TEST_3580,118.359955
TEST_3581,340.2764
TEST_3582,294.33786
TEST_3583,89.70484
TEST_3584,571.93
TEST_3585,144.93161
TEST_3586,122.749054
TEST_3587,152.4221
TEST_3588,-34.798313
TEST_3589,260.52866
TEST_3590,277.58356
TEST_3591,100.34859
TEST_3592,132.28856
TEST_3593,-31.73504
TEST_3594,-39.882694
TEST_3595,33.21556
TEST_3596,15.147713
TEST_3597,124.07457
TEST_3598,227.9843
TEST_3599,1306.8281
TEST_3600,62.802338
TEST_3601,25.277037
TEST_3602,328.20532
TEST_3603,376.22012
TEST_3604,27.252672
TEST_3605,179.60515
TEST_3606,111.518715
TEST_3607,182.55768
TEST_3608,294.58154
TEST_3609,161.74333
TEST_3610,28.714666
TEST_3611,478.565
TEST_3612,599.4007
TEST_3613,503.7222
TEST_3614,1099.5182
TEST_3615,617.7179
TEST_3616,64.70245
TEST_3617,40.38762
TEST_3618,361.62305
TEST_3619,174.3642
TEST_3620,99.71706
TEST_3621,345.0515
TEST_3622,346.60358
TEST_3623,-20.955944
TEST_3624,56.94838
TEST_3625,-20.277391
TEST_3626,30.146015
TEST_3627,328.33154
TEST_3628,190.00035
TEST_3629,683.1152
TEST_3630,356.12802
TEST_3631,2.214487
TEST_3632,152.64343
TEST_3633,-57.123722
TEST_3634,133.00566
TEST_3635,-0.5137073
TEST_3636,97.28799
TEST_3637,248.75235
TEST_3638,822.89636
TEST_3639,511.24368
TEST_3640,90.93402
TEST_3641,-97.138176
TEST_3642,395.10046
TEST_3643,306.0458
TEST_3644,664.4247
TEST_3645,222.65088
TEST_3646,22.2743
TEST_3647,123.37869
TEST_3648,68.85427
TEST_3649,-26.485266
TEST_3650,-39.234295
TEST_3651,153.34346
TEST_3652,131.74756
TEST_3653,889.35974
TEST_3654,1460.4376
TEST_3655,382.34354
TEST_3656,415.39636
TEST_3657,317.02734
TEST_3658,197.25052
TEST_3659,1651.6393
TEST_3660,282.65158
TEST_3661,433.8384
TEST_3662,117.002235
TEST_3663,396.20975
TEST_3664,67.47946
TEST_3665,443.8909
TEST_3666,36.561504
TEST_3667,1550.2134
TEST_3668,252.23466
TEST_3669,322.81503
TEST_3670,-54.3094
TEST_3671,91.82942
TEST_3672,605.4676
TEST_3673,134.03314
TEST_3674,73.42659
TEST_3675,130.8893
TEST_3676,10.708002
TEST_3677,142.07729
TEST_3678,1018.42755
TEST_3679,280.80078
TEST_3680,136.37576
TEST_3681,33.379856
TEST_3682,-64.41122
TEST_3683,115.44753
TEST_3684,-68.51422
TEST_3685,-45.840046
TEST_3686,-1.7889744
TEST_3687,115.9363
TEST_3688,-70.88797
TEST_3689,308.319
TEST_3690,52.687702
TEST_3691,484.14798
TEST_3692,347.7044
TEST_3693,652.3299
TEST_3694,480.1469
TEST_3695,713.97296
TEST_3696,335.7271
TEST_3697,307.68942
TEST_3698,151.17123
TEST_3699,224.90848
TEST_3700,3.9501967
TEST_3701,261.6207
TEST_3702,45.99812
TEST_3703,41.279892
TEST_3704,-96.97961
TEST_3705,137.73967
TEST_3706,546.3361
TEST_3707,9.579382
TEST_3708,237.05826
TEST_3709,278.0081
TEST_3710,-6.8116965
TEST_3711,117.33024
TEST_3712,656.9111
TEST_3713,422.54727
TEST_3714,330.76068
TEST_3715,515.3288
TEST_3716,183.91492
TEST_3717,372.3379
TEST_3718,765.8718
TEST_3719,257.37003
TEST_3720,408.45248
TEST_3721,16.282188
TEST_3722,2.6584358
TEST_3723,595.1046
TEST_3724,573.85596
TEST_3725,-16.157553
TEST_3726,159.28961
TEST_3727,306.27237
TEST_3728,232.12889
TEST_3729,1167.4984
TEST_3730,296.0918
TEST_3731,256.59473
TEST_3732,128.12611
TEST_3733,16.321133
TEST_3734,294.27048
TEST_3735,86.631615
TEST_3736,-29.776987
TEST_3737,55.855064
TEST_3738,304.92426
TEST_3739,135.83421
TEST_3740,69.15716
TEST_3741,9.12621
TEST_3742,130.08705
TEST_3743,288.80048
TEST_3744,-27.375944
TEST_3745,441.98032
TEST_3746,515.99054
TEST_3747,551.2063
TEST_3748,48.665165
TEST_3749,675.79236
TEST_3750,108.933655
TEST_3751,78.673065
TEST_3752,568.25684
TEST_3753,434.20602
TEST_3754,1317.5911
TEST_3755,327.17908
TEST_3756,217.39108
TEST_3757,-12.412469
TEST_3758,84.9464
TEST_3759,6.328565
TEST_3760,440.09012
TEST_3761,203.39449
TEST_3762,107.081635
TEST_3763,770.55597
TEST_3764,78.820435
TEST_3765,118.29165
TEST_3766,166.50851
TEST_3767,327.6945
TEST_3768,7.092073
TEST_3769,279.12354
TEST_3770,-125.55501
TEST_3771,89.82529
TEST_3772,123.167564
TEST_3773,-146.51648
TEST_3774,257.702
TEST_3775,-6.4186416
TEST_3776,376.05286
TEST_3777,-3.5797944
TEST_3778,157.34221
TEST_3779,427.88068
TEST_3780,735.5976
TEST_3781,78.60618
TEST_3782,-27.964731
TEST_3783,151.33658
TEST_3784,333.01486
TEST_3785,291.90335
TEST_3786,197.49725
TEST_3787,162.7569
TEST_3788,146.18683
TEST_3789,80.249176
TEST_3790,376.8403
TEST_3791,637.8489
TEST_3792,400.1417
TEST_3793,-24.07763
TEST_3794,205.20874
TEST_3795,1256.837
TEST_3796,101.815605
TEST_3797,55.385178
TEST_3798,49.86018
TEST_3799,359.43738
TEST_3800,-41.39865
TEST_3801,656.48303
TEST_3802,131.7957
TEST_3803,126.024895
TEST_3804,448.16348
TEST_3805,173.14807
TEST_3806,303.85452
TEST_3807,437.4875
TEST_3808,37.35919
TEST_3809,128.67842
TEST_3810,419.4432
TEST_3811,138.94592
TEST_3812,873.6476
TEST_3813,360.79623
TEST_3814,418.50055
TEST_3815,67.47699
TEST_3816,775.6078
TEST_3817,142.28911
TEST_3818,-72.742546
TEST_3819,168.38069
TEST_3820,2.688015
TEST_3821,52.38161
TEST_3822,-64.043816
TEST_3823,1039.8046
TEST_3824,170.29167
TEST_3825,23.102905
TEST_3826,59.665
TEST_3827,29.884575
TEST_3828,228.37115
TEST_3829,400.19632
TEST_3830,-43.990707
TEST_3831,122.68739
TEST_3832,-8.609232
TEST_3833,37.385002
TEST_3834,99.34002
TEST_3835,458.79453
TEST_3836,234.67555
TEST_3837,260.91962
TEST_3838,33.001083
TEST_3839,238.5475
TEST_3840,208.74863
TEST_3841,425.42694
TEST_3842,426.75742
TEST_3843,138.7229
TEST_3844,42.487446
TEST_3845,78.07241
TEST_3846,557.79913
TEST_3847,373.0088
TEST_3848,132.06714
TEST_3849,204.04384
TEST_3850,178.14227
TEST_3851,503.31693
TEST_3852,233.25626
TEST_3853,459.869
TEST_3854,435.63647
TEST_3855,27.58411
TEST_3856,95.2453
TEST_3857,78.12576
TEST_3858,123.08903
TEST_3859,98.34301
TEST_3860,404.1096
TEST_3861,18.055904
TEST_3862,119.38017
TEST_3863,632.43427
TEST_3864,290.08905
TEST_3865,4.946715
TEST_3866,785.11597
TEST_3867,186.1993
TEST_3868,338.7279
TEST_3869,136.34718
TEST_3870,274.83884
TEST_3871,232.73668
TEST_3872,755.91095
TEST_3873,88.07503
TEST_3874,56.879288
TEST_3875,377.9968
TEST_3876,147.68861
TEST_3877,231.07094
TEST_3878,99.109695
TEST_3879,299.95746
TEST_3880,125.25594
TEST_3881,513.36365
TEST_3882,305.8131
TEST_3883,167.88727
TEST_3884,492.79974
TEST_3885,253.66249
TEST_3886,1050.3838
TEST_3887,262.98987
TEST_3888,45.617172
TEST_3889,122.100464
TEST_3890,-54.216335
TEST_3891,162.35143
TEST_3892,87.52254
TEST_3893,1100.5415
TEST_3894,186.93361
TEST_3895,213.13774
TEST_3896,296.3074
TEST_3897,187.67963
TEST_3898,158.09138
TEST_3899,-62.58154
TEST_3900,31.031635
TEST_3901,446.22598
TEST_3902,7.910739
TEST_3903,528.7317
TEST_3904,432.00027
TEST_3905,347.02744
TEST_3906,120.85798
TEST_3907,1747.5637
TEST_3908,389.2413
TEST_3909,77.928955
TEST_3910,1005.04114
TEST_3911,302.4574
TEST_3912,161.74817
TEST_3913,1100.1146
TEST_3914,456.26965
